district,District
01001,Aguascalientes (Aguascalientes)
01003,Calvillo (Aguascalientes)
01005,Jesús María (Aguascalientes)
01006,Pabellón de Arteaga (Aguascalientes)
01007,Rincón de Romos (Aguascalientes)
01011,San Francisco de los Romo (Aguascalientes)
01008,San José de Gracia (Aguascalientes)
01002,Asientos (Aguascalientes)
01004,Cosío (Aguascalientes)
01009,Tepezalá (Aguascalientes)
01010,El Llano (Aguascalientes)
02001,Ensenada (Baja California)
02002,Mexicali (Baja California)
02004,Tijuana (Baja California)
02003,Tecate (Baja California)
02005,Playas de Rosarito (Baja California)
03003,La Paz (Baja California Sur)
03001,Comondú (Baja California Sur)
03008,Los Cabos (Baja California Sur)
03002,Mulegé (Baja California Sur)
03009,Loreto (Baja California Sur)
04002,Campeche (Campeche)
04003,Carmen (Campeche)
04004,Champotón (Campeche)
04009,Escárcega (Campeche)
04001,Calkiní (Campeche)
04005,Hecelchakán (Campeche)
04006,Hopelchén (Campeche)
04008,Tenabo (Campeche)
04011,Candelaria (Campeche)
04007,Palizada (Campeche)
04010,Calakmul (Campeche)
05002,Acuña (Coahuila de Zaragoza)
05018,Monclova (Coahuila de Zaragoza)
05025,Piedras Negras (Coahuila de Zaragoza)
05030,Saltillo (Coahuila de Zaragoza)
05035,Torreón (Coahuila de Zaragoza)
05010,Frontera (Coahuila de Zaragoza)
05017,Matamoros (Coahuila de Zaragoza)
05020,Múzquiz (Coahuila de Zaragoza)
05022,Nava (Coahuila de Zaragoza)
05024,Parras (Coahuila de Zaragoza)
05027,Ramos Arizpe (Coahuila de Zaragoza)
05028,Sabinas (Coahuila de Zaragoza)
05031,San Buenaventura (Coahuila de Zaragoza)
05032,San Juan de Sabinas (Coahuila de Zaragoza)
05033,San Pedro (Coahuila de Zaragoza)
05004,Arteaga (Coahuila de Zaragoza)
05007,Cuatro Ciénegas (Coahuila de Zaragoza)
05019,Morelos (Coahuila de Zaragoza)
05036,Viesca (Coahuila de Zaragoza)
05037,Villa Unión (Coahuila de Zaragoza)
05009,Francisco I. Madero (Coahuila de Zaragoza)
05006,Castaños (Coahuila de Zaragoza)
05014,Jiménez (Coahuila de Zaragoza)
05013,Hidalgo (Coahuila de Zaragoza)
06002,Colima (Colima)
06007,Manzanillo (Colima)
06010,Villa de Álvarez (Colima)
06001,Armería (Colima)
06009,Tecomán (Colima)
06003,Comala (Colima)
06004,Coquimatlán (Colima)
06005,Cuauhtémoc (Colima)
06008,Minatitlán (Colima)
06006,Ixtlahuacán (Colima)
07078,San Cristóbal de las Casas (Chiapas)
07089,Tapachula (Chiapas)
07101,Tuxtla Gutiérrez (Chiapas)
07015,Cacahoatán (Chiapas)
07019,Comitán de Domínguez (Chiapas)
07027,Chiapa de Corzo (Chiapas)
07034,Frontera Comalapa (Chiapas)
07040,Huixtla (Chiapas)
07051,Mapastepec (Chiapas)
07052,Las Margaritas (Chiapas)
07061,Ocozocoautla de Espinosa (Chiapas)
07065,Palenque (Chiapas)
07097,Tonalá (Chiapas)
07106,Venustiano Carranza (Chiapas)
07003,Acapetahua (Chiapas)
07020,La Concordia (Chiapas)
07031,Chilón (Chiapas)
07041,La Independencia (Chiapas)
07055,Metapa (Chiapas)
07068,Pichucalco (Chiapas)
07072,Pueblo Nuevo Solistahuacán (Chiapas)
07091,Tapilula (Chiapas)
07096,Tila (Chiapas)
07099,La Trinitaria (Chiapas)
07102,Tuxtla Chico (Chiapas)
07107,Villa Corzo (Chiapas)
07108,Villaflores (Chiapas)
07114,Benemérito de las Américas (Chiapas)
07009,Arriaga (Chiapas)
07017,Cintalapa (Chiapas)
07069,Pijijiapan (Chiapas)
07087,Suchiate (Chiapas)
07112,San Juan Cancuc (Chiapas)
07004,Altamirano (Chiapas)
07006,Amatenango de la Frontera (Chiapas)
07013,Bochil (Chiapas)
07036,La Grandeza (Chiapas)
07039,Huitiupán (Chiapas)
07045,Ixtapangajoya (Chiapas)
07059,Ocosingo (Chiapas)
07064,Oxchuc (Chiapas)
07077,Salto de Agua (Chiapas)
07079,San Fernando (Chiapas)
07080,Siltepec (Chiapas)
07092,Tecpatán (Chiapas)
07105,Unión Juárez (Chiapas)
07115,Maravilla Tenejapa (Chiapas)
07117,Montecristo de Guerrero (Chiapas)
07063,Osumacinta (Chiapas)
07113,Aldama (Chiapas)
08017,Cuauhtémoc (Chihuahua)
08019,Chihuahua (Chihuahua)
08021,Delicias (Chihuahua)
08032,Hidalgo del Parral (Chihuahua)
08037,Juárez (Chihuahua)
08011,Camargo (Chihuahua)
08036,Jiménez (Chihuahua)
08045,Meoqui (Chihuahua)
08050,Nuevo Casas Grandes (Chihuahua)
08052,Ojinaga (Chihuahua)
08001,Ahumada (Chihuahua)
08003,Allende (Chihuahua)
08004,Aquiles Serdán (Chihuahua)
08005,Ascensión (Chihuahua)
08029,Guadalupe y Calvo (Chihuahua)
08048,Namiquipa (Chihuahua)
08055,Rosales (Chihuahua)
08060,Santa Bárbara (Chihuahua)
08062,Saucillo (Chihuahua)
08010,Buenaventura (Chihuahua)
08013,Casas Grandes (Chihuahua)
08023,Galeana (Chihuahua)
08031,Guerrero (Chihuahua)
08002,Aldama (Chihuahua)
08006,Bachíniva (Chihuahua)
08007,Balleza (Chihuahua)
08008,Batopilas de Manuel Gómez Morín (Chihuahua)
08009,Bocoyna (Chihuahua)
08012,Carichí (Chihuahua)
08016,La Cruz (Chihuahua)
08018,Cusihuiriachi (Chihuahua)
08020,Chínipas (Chihuahua)
08027,Guachochi (Chihuahua)
08028,Guadalupe (Chihuahua)
08030,Guazapares (Chihuahua)
08034,Ignacio Zaragoza (Chihuahua)
08035,Janos (Chihuahua)
08039,López (Chihuahua)
08040,Madera (Chihuahua)
08043,Matachí (Chihuahua)
08047,Moris (Chihuahua)
08051,Ocampo (Chihuahua)
08054,Riva Palacio (Chihuahua)
08056,Rosario (Chihuahua)
08063,Temósachic (Chihuahua)
08065,Urique (Chihuahua)
08014,Coronado (Chihuahua)
08038,Julimes (Chihuahua)
08053,Praxedis G. Guerrero (Chihuahua)
08067,Valle de Zaragoza (Chihuahua)
09002,Azcapotzalco (Ciudad de México)
09003,Coyoacán (Ciudad de México)
09004,Cuajimalpa de Morelos (Ciudad de México)
09005,Gustavo A. Madero (Ciudad de México)
09006,Iztacalco (Ciudad de México)
09007,Iztapalapa (Ciudad de México)
09008,La Magdalena Contreras (Ciudad de México)
09010,Álvaro Obregón (Ciudad de México)
09011,Tláhuac (Ciudad de México)
09012,Tlalpan (Ciudad de México)
09013,Xochimilco (Ciudad de México)
09014,Benito Juárez (Ciudad de México)
09015,Cuauhtémoc (Ciudad de México)
09016,Miguel Hidalgo (Ciudad de México)
09017,Venustiano Carranza (Ciudad de México)
09009,Milpa Alta (Ciudad de México)
10005,Durango (Durango)
10007,Gómez Palacio (Durango)
10008,Guadalupe Victoria (Durango)
10012,Lerdo (Durango)
10032,Santiago Papasquiaro (Durango)
10038,Vicente Guerrero (Durango)
10004,Cuencamé (Durango)
10013,Mapimí (Durango)
10016,Nombre de Dios (Durango)
10018,El Oro (Durango)
10020,Pánuco de Coronado (Durango)
10022,Poanas (Durango)
10033,Súchil (Durango)
10035,Tepehuanes (Durango)
10039,Nuevo Ideal (Durango)
10024,Rodeo (Durango)
10001,Canatlán (Durango)
10003,Coneto de Comonfort (Durango)
10006,General Simón Bolívar (Durango)
10014,Mezquital (Durango)
10015,Nazas (Durango)
10021,Peñón Blanco (Durango)
10023,Pueblo Nuevo (Durango)
10027,San Juan de Guadalupe (Durango)
10028,San Juan del Río (Durango)
11007,Celaya (Guanajuato)
11017,Irapuato (Guanajuato)
11020,León (Guanajuato)
11027,Salamanca (Guanajuato)
11001,Abasolo (Guanajuato)
11002,Acámbaro (Guanajuato)
11003,San Miguel de Allende (Guanajuato)
11014,Dolores Hidalgo Cuna de la Independencia Nacional (Guanajuato)
11015,Guanajuato (Guanajuato)
11023,Pénjamo (Guanajuato)
11025,Purísima del Rincón (Guanajuato)
11031,San Francisco del Rincón (Guanajuato)
11033,San Luis de la Paz (Guanajuato)
11035,Santa Cruz de Juventino Rosas (Guanajuato)
11042,Valle de Santiago (Guanajuato)
11044,Villagrán (Guanajuato)
11004,Apaseo el Alto (Guanajuato)
11013,Doctor Mora (Guanajuato)
11039,Tarimoro (Guanajuato)
11009,Comonfort (Guanajuato)
11022,Ocampo (Guanajuato)
11028,Salvatierra (Guanajuato)
11030,San Felipe (Guanajuato)
11046,Yuriria (Guanajuato)
11005,Apaseo el Grande (Guanajuato)
11008,Manuel Doblado (Guanajuato)
11011,Cortazar (Guanajuato)
11016,Huanímaro (Guanajuato)
11019,Jerécuaro (Guanajuato)
11024,Pueblo Nuevo (Guanajuato)
11026,Romita (Guanajuato)
11029,San Diego de la Unión (Guanajuato)
11032,San José Iturbide (Guanajuato)
11036,Santiago Maravatío (Guanajuato)
11037,Silao de la Victoria (Guanajuato)
11041,Uriangato (Guanajuato)
11034,Santa Catarina (Guanajuato)
12001,Acapulco de Juárez (Guerrero)
12029,Chilpancingo de los Bravo (Guerrero)
12035,Iguala de la Independencia (Guerrero)
12011,Atoyac de Álvarez (Guerrero)
12012,Ayutla de los Libres (Guerrero)
12034,Huitzuco de los Figueroa (Guerrero)
12038,Zihuatanejo de Azueta (Guerrero)
12046,Ometepec (Guerrero)
12048,Petatlán (Guerrero)
12055,Taxco de Alarcón (Guerrero)
12061,Tixtla de Guerrero (Guerrero)
12066,Tlapa de Comonfort (Guerrero)
12021,Coyuca de Benítez (Guerrero)
12025,Cuautepec (Guerrero)
12030,Florencio Villarreal (Guerrero)
12039,Juan R. Escudero (Guerrero)
12051,Quechultenango (Guerrero)
12052,San Luis Acatlán (Guerrero)
12057,Técpan de Galeana (Guerrero)
12077,Marquelia (Guerrero)
12015,Buenavista de Cuéllar (Guerrero)
12018,Copala (Guerrero)
12027,Cutzamala de Pinzón (Guerrero)
12033,Huamuxtitlán (Guerrero)
12041,Malinaltepec (Guerrero)
12042,Mártir de Cuilapan (Guerrero)
12056,Tecoanapa (Guerrero)
12059,Tepecoacuilco de Trujano (Guerrero)
12071,Xochistlahuaca (Guerrero)
12007,Arcelia (Guerrero)
12010,Atlixtac (Guerrero)
12013,Azoyú (Guerrero)
12014,Benito Juárez (Guerrero)
12020,Copanatoyac (Guerrero)
12022,Coyuca de Catalán (Guerrero)
12028,Chilapa de Álvarez (Guerrero)
12036,Igualapa (Guerrero)
12040,Leonardo Bravo (Guerrero)
12044,Mochitlán (Guerrero)
12045,Olinalá (Guerrero)
12053,San Marcos (Guerrero)
12060,Tetipac (Guerrero)
12062,Tlacoachistlahuaca (Guerrero)
12064,Tlalchapa (Guerrero)
12072,Zapotitlán Tablas (Guerrero)
12073,Zirándaro (Guerrero)
12017,Cocula (Guerrero)
12024,Cualác (Guerrero)
12065,Tlalixtaquilla de Maldonado (Guerrero)
13048,Pachuca de Soto (Hidalgo)
13077,Tulancingo de Bravo (Hidalgo)
13003,Actopan (Hidalgo)
13016,Cuautepec de Hinojosa (Hidalgo)
13030,Ixmiquilpan (Hidalgo)
13050,Progreso de Obregón (Hidalgo)
13056,Santiago Tulantepec de Lugo Guerrero (Hidalgo)
13063,Tepeji del Río de Ocampo (Hidalgo)
13069,Tizayuca (Hidalgo)
13076,Tula de Allende (Hidalgo)
13081,Zacualtipán de Ángeles (Hidalgo)
13007,Almoloya (Hidalgo)
13010,Atitalaquia (Hidalgo)
13013,Atotonilco de Tula (Hidalgo)
13029,Huichapan (Hidalgo)
13041,Mixquiahuala de Juárez (Hidalgo)
13046,San Felipe Orizatlán (Hidalgo)
13051,Mineral de la Reforma (Hidalgo)
13059,Tecozautla (Hidalgo)
13067,Tezontepec de Aldama (Hidalgo)
13070,Tlahuelilpan (Hidalgo)
13073,Tlanchinol (Hidalgo)
13074,Tlaxcoapan (Hidalgo)
13082,Zapotlán de Juárez (Hidalgo)
13083,Zempoala (Hidalgo)
13001,Acatlán (Hidalgo)
13017,Chapantongo (Hidalgo)
13026,Huazalingo (Hidalgo)
13054,San Salvador (Hidalgo)
13055,Santiago de Anaya (Hidalgo)
13058,Tasquillo (Hidalgo)
13004,Agua Blanca de Iturbide (Hidalgo)
13011,Atlapexco (Hidalgo)
13014,Calnali (Hidalgo)
13015,Cardonal (Hidalgo)
13018,Chapulhuacán (Hidalgo)
13022,Epazoyucan (Hidalgo)
13025,Huautla (Hidalgo)
13027,Huehuetla (Hidalgo)
13028,Huejutla de Reyes (Hidalgo)
13036,San Agustín Metzquititlán (Hidalgo)
13047,Pacula (Hidalgo)
13053,San Bartolo Tutotepec (Hidalgo)
13061,Tepeapulco (Hidalgo)
13071,Tlahuiltepa (Hidalgo)
13078,Xochiatipan (Hidalgo)
13084,Zimapán (Hidalgo)
14039,Guadalajara (Jalisco)
14067,Puerto Vallarta (Jalisco)
14098,San Pedro Tlaquepaque (Jalisco)
14101,Tonalá (Jalisco)
14120,Zapopan (Jalisco)
14006,Ameca (Jalisco)
14008,Arandas (Jalisco)
14015,Autlán de Navarro (Jalisco)
14023,Zapotlán el Grande (Jalisco)
14037,El Grullo (Jalisco)
14046,Jalostotitlán (Jalisco)
14050,Jocotepec (Jalisco)
14063,Ocotlán (Jalisco)
14070,El Salto (Jalisco)
14073,San Juan de los Lagos (Jalisco)
14093,Tepatitlán de Morelos (Jalisco)
14097,Tlajomulco de Zúñiga (Jalisco)
14108,Tuxpan (Jalisco)
14124,Zapotlanejo (Jalisco)
14030,Chapala (Jalisco)
14044,Ixtlahuacán de los Membrillos (Jalisco)
14047,Jamay (Jalisco)
14060,Mexticacán (Jalisco)
14066,Poncitlán (Jalisco)
14100,Tomatlán (Jalisco)
14105,Tototlán (Jalisco)
14125,San Ignacio Cerro Gordo (Jalisco)
14003,Ahualulco de Mercado (Jalisco)
14009,El Arenal (Jalisco)
14011,Atengo (Jalisco)
14013,Atotonilco el Alto (Jalisco)
14069,Quitupan (Jalisco)
14016,Ayotlán (Jalisco)
14022,Cihuatlán (Jalisco)
14027,Cuautitlán de García Barragán (Jalisco)
14035,Encarnación de Díaz (Jalisco)
14045,Ixtlahuacán del Río (Jalisco)
14053,Lagos de Moreno (Jalisco)
14059,Mazamitla (Jalisco)
14064,Ojuelos de Jalisco (Jalisco)
14065,Pihuamo (Jalisco)
14083,Tala (Jalisco)
14106,Tuxcacuesco (Jalisco)
14109,Unión de San Antonio (Jalisco)
14116,Villa Hidalgo (Jalisco)
14119,Zacoalco de Torres (Jalisco)
14121,Zapotiltic (Jalisco)
14038,Guachinango (Jalisco)
15002,Acolman (México)
15013,Atizapán de Zaragoza (México)
15020,Coacalco de Berriozábal (México)
15024,Cuautitlán (México)
15025,Chalco (México)
15029,Chicoloapan (México)
15031,Chimalhuacán (México)
15033,Ecatepec de Morelos (México)
15037,Huixquilucan (México)
15039,Ixtapaluca (México)
15057,Naucalpan de Juárez (México)
15058,Nezahualcóyotl (México)
15060,Nicolás Romero (México)
15081,Tecámac (México)
15104,Tlalnepantla de Baz (México)
15106,Toluca (México)
15109,Tultitlán (México)
15121,Cuautitlán Izcalli (México)
15122,Valle de Chalco Solidaridad (México)
15005,Almoloya de Juárez (México)
15023,Coyotepec (México)
15035,Huehuetoca (México)
15051,Lerma (México)
15053,Melchor Ocampo (México)
15054,Metepec (México)
15070,La Paz (México)
15091,Teoloyucan (México)
15099,Texcoco (México)
15028,Chiautla (México)
15100,Tezoyuca (México)
15108,Tultepec (México)
15115,Xonacatlán (México)
15118,Zinacantepec (México)
15120,Zumpango (México)
15010,Apaxco (México)
15011,Atenco (México)
15018,Calimaya (México)
15044,Jaltenco (México)
15047,Jiquipilco (México)
15059,Nextlalpan (México)
15067,Otzolotepec (México)
15084,Temascalapa (México)
15001,Acambay de Ruíz Castañeda (México)
15003,Aculco (México)
15007,Amanalco (México)
15032,Donato Guerra (México)
15046,Jilotzingo (México)
15052,Malinalco (México)
15064,El Oro (México)
15068,Ozumba (México)
15074,San Felipe del Progreso (México)
15085,Temascalcingo (México)
15088,Tenancingo (México)
15101,Tianguistenco (México)
15112,Villa del Carbón (México)
15113,Villa Guerrero (México)
15114,Villa Victoria (México)
15124,San José del Rincón (México)
15014,Atlacomulco (México)
15017,Ayapango (México)
15021,Coatepec Harinas (México)
15026,Chapa de Mota (México)
15038,Isidro Fabela (México)
15040,Ixtapan de la Sal (México)
15063,Ocuilan (México)
15077,San Simón de Guerrero (México)
15079,Soyaniquilpan de Juárez (México)
15087,Temoaya (México)
15090,Tenango del Valle (México)
15105,Tlatlaya (México)
15111,Villa de Allende (México)
15123,Luvianos (México)
16053,Morelia (Michoacán de Ocampo)
16102,Uruapan (Michoacán de Ocampo)
16108,Zamora (Michoacán de Ocampo)
16006,Apatzingán (Michoacán de Ocampo)
16043,Jacona (Michoacán de Ocampo)
16052,Lázaro Cárdenas (Michoacán de Ocampo)
16066,Pátzcuaro (Michoacán de Ocampo)
16068,Peribán (Michoacán de Ocampo)
16069,La Piedad (Michoacán de Ocampo)
16071,Puruándiro (Michoacán de Ocampo)
16075,Los Reyes (Michoacán de Ocampo)
16076,Sahuayo (Michoacán de Ocampo)
16085,Tangancícuaro (Michoacán de Ocampo)
16106,Yurécuaro (Michoacán de Ocampo)
16107,Zacapu (Michoacán de Ocampo)
16112,Zitácuaro (Michoacán de Ocampo)
16003,Álvaro Obregón (Michoacán de Ocampo)
16018,Copándaro (Michoacán de Ocampo)
16020,Cuitzeo (Michoacán de Ocampo)
16024,Cherán (Michoacán de Ocampo)
16035,La Huacana (Michoacán de Ocampo)
16049,Madero (Michoacán de Ocampo)
16055,Múgica (Michoacán de Ocampo)
16056,Nahuatzen (Michoacán de Ocampo)
16065,Paracho (Michoacán de Ocampo)
16073,Quiroga (Michoacán de Ocampo)
16079,Salvador Escalante (Michoacán de Ocampo)
16084,Tangamandapio (Michoacán de Ocampo)
16088,Tarímbaro (Michoacán de Ocampo)
16105,Vista Hermosa (Michoacán de Ocampo)
16064,Parácuaro (Michoacán de Ocampo)
16016,Coeneo (Michoacán de Ocampo)
16031,Epitacio Huerta (Michoacán de Ocampo)
16033,Gabriel Zamora (Michoacán de Ocampo)
16041,Irimbo (Michoacán de Ocampo)
16050,Maravatío (Michoacán de Ocampo)
16061,Ocampo (Michoacán de Ocampo)
16077,San Lucas (Michoacán de Ocampo)
16078,Santa Ana Maya (Michoacán de Ocampo)
16082,Tacámbaro (Michoacán de Ocampo)
16083,Tancítaro (Michoacán de Ocampo)
16092,Tiquicheo de Nicolás Romero (Michoacán de Ocampo)
16093,Tlalpujahua (Michoacán de Ocampo)
16097,Turicato (Michoacán de Ocampo)
16099,Tuzantla (Michoacán de Ocampo)
16010,Arteaga (Michoacán de Ocampo)
17006,Cuautla (Morelos)
17007,Cuernavaca (Morelos)
17011,Jiutepec (Morelos)
17003,Axochiapan (Morelos)
17008,Emiliano Zapata (Morelos)
17017,Puente de Ixtla (Morelos)
17018,Temixco (Morelos)
17025,Tlaquiltenango (Morelos)
17028,Xochitepec (Morelos)
17029,Yautepec (Morelos)
17030,Yecapixtla (Morelos)
17031,Zacatepec (Morelos)
17004,Ayala (Morelos)
17009,Huitzilac (Morelos)
17010,Jantetelco (Morelos)
17012,Jojutla (Morelos)
17015,Miacatlán (Morelos)
17016,Ocuituco (Morelos)
17019,Tepalcingo (Morelos)
17020,Tepoztlán (Morelos)
17032,Zacualpan de Amilpas (Morelos)
17033,Temoac (Morelos)
17001,Amacuzac (Morelos)
17002,Atlatlahucan (Morelos)
17013,Jonacatepec de Leandro Valle (Morelos)
17026,Tlayacapan (Morelos)
17027,Totolapan (Morelos)
17005,Coatlán del Río (Morelos)
18017,Tepic (Nayarit)
18001,Acaponeta (Nayarit)
18004,Compostela (Nayarit)
18006,Ixtlán del Río (Nayarit)
18008,Xalisco (Nayarit)
18015,Santiago Ixcuintla (Nayarit)
18018,Tuxpan (Nayarit)
18020,Bahía de Banderas (Nayarit)
18002,Ahuacatlán (Nayarit)
18011,Ruíz (Nayarit)
18012,San Blas (Nayarit)
18016,Tecuala (Nayarit)
18003,Amatlán de Cañas (Nayarit)
18010,Rosamorada (Nayarit)
18013,San Pedro Lagunillas (Nayarit)
18014,Santa María del Oro (Nayarit)
18009,Del Nayar (Nayarit)
18019,La Yesca (Nayarit)
19006,Apodaca (Nuevo León)
19019,San Pedro Garza García (Nuevo León)
19021,General Escobedo (Nuevo León)
19026,Guadalupe (Nuevo León)
19031,Juárez (Nuevo León)
19039,Monterrey (Nuevo León)
19046,San Nicolás de los Garza (Nuevo León)
19048,Santa Catarina (Nuevo León)
19009,Cadereyta Jiménez (Nuevo León)
19018,García (Nuevo León)
19025,General Zuazua (Nuevo León)
19033,Linares (Nuevo León)
19038,Montemorelos (Nuevo León)
19047,Hidalgo (Nuevo León)
19049,Santiago (Nuevo León)
19045,Salinas Victoria (Nuevo León)
19004,Allende (Nuevo León)
19034,Marín (Nuevo León)
19041,Pesquería (Nuevo León)
19001,Abasolo (Nuevo León)
19005,Anáhuac (Nuevo León)
19007,Aramberri (Nuevo León)
19014,Doctor Arroyo (Nuevo León)
19016,Doctor González (Nuevo León)
19017,Galeana (Nuevo León)
19022,General Terán (Nuevo León)
19035,Melchor Ocampo (Nuevo León)
19036,Mier y Noriega (Nuevo León)
19023,General Treviño (Nuevo León)
19027,Los Herreras (Nuevo León)
19042,Los Ramones (Nuevo León)
19050,Vallecillo (Nuevo León)
20067,Oaxaca de Juárez (Oaxaca)
20184,San Juan Bautista Tuxtepec (Oaxaca)
20039,Heroica Ciudad de Huajuapan de León (Oaxaca)
20043,Juchitán de Zaragoza (Oaxaca)
20044,Loma Bonita (Oaxaca)
20059,Miahuatlán de Porfirio Díaz (Oaxaca)
20079,Salina Cruz (Oaxaca)
20385,Santa Cruz Xoxocotlán (Oaxaca)
20390,Santa Lucía del Camino (Oaxaca)
20397,Heroica Ciudad de Tlaxiaco (Oaxaca)
20399,Santa María Atzompa (Oaxaca)
20413,Santa María Huatulco (Oaxaca)
20482,Santiago Pinotepa Nacional (Oaxaca)
20515,Santo Domingo Tehuantepec (Oaxaca)
20025,Chahuites (Oaxaca)
20051,Magdalena Teitipac (Oaxaca)
20087,San Agustín Yatareni (Oaxaca)
20136,San Felipe Usila (Oaxaca)
20157,San Jacinto Amilpas (Oaxaca)
20227,San Lorenzo Cacaotepec (Oaxaca)
20278,San Miguel Soyaltepec (Oaxaca)
20293,San Pablo Etla (Oaxaca)
20295,San Pablo Huixtepec (Oaxaca)
20302,San Pedro Atoyac (Oaxaca)
20334,Villa de Tututepec (Oaxaca)
20350,San Sebastián Tutla (Oaxaca)
20364,Santa Catarina Juquila (Oaxaca)
20418,Santa María Jalapa del Marqués (Oaxaca)
20441,Santa María Xadani (Oaxaca)
20467,Santiago Jamiltepec (Oaxaca)
20539,Soledad Etla (Oaxaca)
20546,Teotitlán del Valle (Oaxaca)
20551,Tlacolula de Matamoros (Oaxaca)
20553,Tlalixtac de Cabrera (Oaxaca)
20570,Zimatlán de Álvarez (Oaxaca)
20403,Santa María Coyotepec (Oaxaca)
20009,Ayotzintepec (Oaxaca)
20124,San Blas Atempa (Oaxaca)
20261,San Miguel Amatitlán (Oaxaca)
20266,San Miguel del Puerto (Oaxaca)
20324,San Pedro Pochutla (Oaxaca)
20394,Santa María Alotepec (Oaxaca)
20469,Santiago Juxtlahuaca (Oaxaca)
20483,Santiago Suchilquitongo (Oaxaca)
20002,Acatlán de Pérez Figueroa (Oaxaca)
20010,El Barrio de la Soledad (Oaxaca)
20014,Ciudad Ixtepec (Oaxaca)
20015,Coatecas Altas (Oaxaca)
20016,Coicoyán de las Flores (Oaxaca)
20041,Huautla de Jiménez (Oaxaca)
20046,Magdalena Jaltepec (Oaxaca)
20073,Putla Villa de Guerrero (Oaxaca)
20083,San Agustín de las Juntas (Oaxaca)
20085,San Agustín Loxicha (Oaxaca)
20095,San Andrés Paxtlán (Oaxaca)
20098,San Andrés Teotilálpam (Oaxaca)
20105,San Antonino Monte Verde (Oaxaca)
20134,San Felipe Jalapa de Díaz (Oaxaca)
20141,San Francisco del Mar (Oaxaca)
20167,San José del Peñasco (Oaxaca)
20171,San José Tenango (Oaxaca)
20187,San Juan Coatzóspam (Oaxaca)
20234,San Lucas Zoquiápam (Oaxaca)
20271,San Miguel Mixtepec (Oaxaca)
20277,Villa Sola de Vega (Oaxaca)
20309,San Pedro Ixcatlán (Oaxaca)
20318,San Pedro Mixtepec (Oaxaca)
20365,Santa Catarina Lachatao (Oaxaca)
20372,Santa Catarina Yosonotú (Oaxaca)
20401,Santa María Colotepec (Oaxaca)
20406,Santa María Chilchotla (Oaxaca)
20439,Santa María Tonameca (Oaxaca)
20447,Santa María Zacatepec (Oaxaca)
20466,Santiago Ixtayutla (Oaxaca)
20491,Santiago Textitlán (Oaxaca)
20559,San Juan Bautista Valle Nacional (Oaxaca)
20026,Chalcatongo de Hidalgo (Oaxaca)
20064,Nejapa de Madero (Oaxaca)
20200,San Juan Juquila Mixes (Oaxaca)
20202,San Juan Lachao (Oaxaca)
20315,San Pedro Mártir (Oaxaca)
20348,San Sebastián Tecomaxtlahuaca (Oaxaca)
20349,San Sebastián Teitipac (Oaxaca)
20460,Santiago Choápam (Oaxaca)
20504,Nuevo Zoquiápam (Oaxaca)
21114,Puebla (Puebla)
21156,Tehuacán (Puebla)
21004,Acatzingo (Puebla)
21015,Amozoc (Puebla)
21019,Atlixco (Puebla)
21041,Cuautlancingo (Puebla)
21085,Izúcar de Matamoros (Puebla)
21094,Libres (Puebla)
21115,Quecholac (Puebla)
21119,San Andrés Cholula (Puebla)
21132,San Martín Texmelucan (Puebla)
21140,San Pedro Cholula (Puebla)
21154,Tecamachalco (Puebla)
21163,Tepatlaxco de Hidalgo (Puebla)
21164,Tepeaca (Puebla)
21174,Teziutlán (Puebla)
21197,Xicotepec (Puebla)
21029,Caxhuacan (Puebla)
21034,Coronango (Puebla)
21054,Chignautla (Puebla)
21090,Juan C. Bonilla (Puebla)
21102,Nealtican (Puebla)
21104,Nopalucan (Puebla)
21110,Palmar de Bravo (Puebla)
21125,San Gregorio Atzompa (Puebla)
21129,San José Miahuatlán (Puebla)
21138,San Nicolás de los Ranchos (Puebla)
21143,San Salvador el Verde (Puebla)
21153,Tecali de Herrera (Puebla)
21170,Tepeyahualco (Puebla)
21189,Tochtepec (Puebla)
21194,Venustiano Carranza (Puebla)
21205,Yehualtepec (Puebla)
21008,Ahuazotepec (Puebla)
21186,Tlatlauquitepec (Puebla)
21040,Cuautinchán (Puebla)
21043,Cuetzalan del Progreso (Puebla)
21053,Chignahuapan (Puebla)
21061,Eloxochitlán (Puebla)
21062,Epatlán (Puebla)
21064,Francisco Z. Mena (Puebla)
21074,Huejotzingo (Puebla)
21076,Hueytamalco (Puebla)
21078,Huitzilan de Serdán (Puebla)
21083,Ixtacamaxtitlán (Puebla)
21091,Juan Galindo (Puebla)
21099,Cañada Morelos (Puebla)
21111,Pantepec (Puebla)
21169,Tepexi de Rodríguez (Puebla)
21176,Tilapa (Puebla)
21199,Xiutetelco (Puebla)
21202,Xochitlán de Vicente Suárez (Puebla)
21127,San Jerónimo Xayacatlán (Puebla)
21145,San Sebastián Tlacotepec (Puebla)
21160,Teotlalco (Puebla)
21206,Zacapala (Puebla)
21179,Tlachichuca (Puebla)
22014,Querétaro (Querétaro)
22016,San Juan del Río (Querétaro)
22006,Corregidora (Querétaro)
22017,Tequisquiapan (Querétaro)
22001,Amealco de Bonfil (Querétaro)
22005,Colón (Querétaro)
22007,Ezequiel Montes (Querétaro)
22011,El Marqués (Querétaro)
22012,Pedro Escobedo (Querétaro)
22018,Tolimán (Querétaro)
22004,Cadereyta de Montes (Querétaro)
22008,Huimilpan (Querétaro)
22002,Pinal de Amoles (Querétaro)
22009,Jalpan de Serra (Querétaro)
22010,Landa de Matamoros (Querétaro)
22013,Peñamiller (Querétaro)
23004,Othón P. Blanco (Quintana Roo)
23005,Benito Juárez (Quintana Roo)
23008,Solidaridad (Quintana Roo)
23001,Cozumel (Quintana Roo)
23002,Felipe Carrillo Puerto (Quintana Roo)
23009,Tulum (Quintana Roo)
23003,Isla Mujeres (Quintana Roo)
23010,Bacalar (Quintana Roo)
23011,Puerto Morelos (Quintana Roo)
23006,José María Morelos (Quintana Roo)
23007,Lázaro Cárdenas (Quintana Roo)
24013,Ciudad Valles (San Luis Potosí)
24028,San Luis Potosí (San Luis Potosí)
24035,Soledad de Graciano Sánchez (San Luis Potosí)
24005,Cárdenas (San Luis Potosí)
24011,Ciudad Fernández (San Luis Potosí)
24016,Ebano (San Luis Potosí)
24020,Matehuala (San Luis Potosí)
24024,Rioverde (San Luis Potosí)
24025,Salinas (San Luis Potosí)
24037,Tamazunchale (San Luis Potosí)
24023,Rayón (San Luis Potosí)
24032,Santa María del Río (San Luis Potosí)
24039,Tampamolón Corona (San Luis Potosí)
24046,Villa de Arriaga (San Luis Potosí)
24049,Villa de Ramos (San Luis Potosí)
24054,Xilitla (San Luis Potosí)
24006,Catorce (San Luis Potosí)
24009,Cerro de San Pedro (San Luis Potosí)
24010,Ciudad del Maíz (San Luis Potosí)
24012,Tancanhuitz (San Luis Potosí)
24014,Coxcatlán (San Luis Potosí)
24017,Guadalcázar (San Luis Potosí)
24021,Mexquitic de Carmona (San Luis Potosí)
24026,San Antonio (San Luis Potosí)
24029,San Martín Chalchicuautla (San Luis Potosí)
24031,Santa Catarina (San Luis Potosí)
24033,Santo Domingo (San Luis Potosí)
24036,Tamasopo (San Luis Potosí)
24038,Tampacán (San Luis Potosí)
24040,Tamuín (San Luis Potosí)
24041,Tanlajás (San Luis Potosí)
24042,Tanquián de Escobedo (San Luis Potosí)
24050,Villa de Reyes (San Luis Potosí)
24053,Axtla de Terrazas (San Luis Potosí)
24057,Matlapa (San Luis Potosí)
24058,El Naranjo (San Luis Potosí)
25001,Ahome (Sinaloa)
25006,Culiacán (Sinaloa)
25012,Mazatlán (Sinaloa)
25008,Elota (Sinaloa)
25011,Guasave (Sinaloa)
25015,Salvador Alvarado (Sinaloa)
25018,Navolato (Sinaloa)
25004,Concordia (Sinaloa)
25005,Cosalá (Sinaloa)
25007,Choix (Sinaloa)
25013,Mocorito (Sinaloa)
25017,Sinaloa (Sinaloa)
25010,El Fuerte (Sinaloa)
25014,Rosario (Sinaloa)
25002,Angostura (Sinaloa)
26018,Cajeme (Sonora)
26029,Guaymas (Sonora)
26030,Hermosillo (Sonora)
26042,Navojoa (Sonora)
26043,Nogales (Sonora)
26055,San Luis Río Colorado (Sonora)
26002,Agua Prieta (Sonora)
26017,Caborca (Sonora)
26019,Cananea (Sonora)
26025,Empalme (Sonora)
26033,Huatabampo (Sonora)
26036,Magdalena (Sonora)
26048,Puerto Peñasco (Sonora)
26012,Bácum (Sonora)
26026,Etchojoa (Sonora)
26071,Benito Juárez (Sonora)
26001,Aconchi (Sonora)
26003,Álamos (Sonora)
26027,Fronteras (Sonora)
26035,Imuris (Sonora)
26051,Rosario (Sonora)
26069,Yécora (Sonora)
26008,Bacadéhuachi (Sonora)
26009,Bacanora (Sonora)
26046,Oquitoa (Sonora)
26057,San Pedro de la Cueva (Sonora)
26067,Villa Hidalgo (Sonora)
27004,Centro (Tabasco)
27002,Cárdenas (Tabasco)
27005,Comalcalco (Tabasco)
27008,Huimanguillo (Tabasco)
27010,Jalpa de Méndez (Tabasco)
27012,Macuspana (Tabasco)
27014,Paraíso (Tabasco)
27016,Teapa (Tabasco)
27017,Tenosique (Tabasco)
27006,Cunduacán (Tabasco)
27013,Nacajuca (Tabasco)
27001,Balancán (Tabasco)
27003,Centla (Tabasco)
27009,Jalapa (Tabasco)
27011,Jonuta (Tabasco)
28003,Altamira (Tamaulipas)
28009,Ciudad Madero (Tamaulipas)
28022,Matamoros (Tamaulipas)
28027,Nuevo Laredo (Tamaulipas)
28032,Reynosa (Tamaulipas)
28038,Tampico (Tamaulipas)
28041,Victoria (Tamaulipas)
28021,El Mante (Tamaulipas)
28040,Valle Hermoso (Tamaulipas)
28012,González (Tamaulipas)
28024,Mier (Tamaulipas)
28033,Río Bravo (Tamaulipas)
28039,Tula (Tamaulipas)
28004,Antiguo Morelos (Tamaulipas)
28002,Aldama (Tamaulipas)
28013,Güémez (Tamaulipas)
28017,Jaumave (Tamaulipas)
28018,Jiménez (Tamaulipas)
28023,Méndez (Tamaulipas)
28029,Ocampo (Tamaulipas)
28031,Palmillas (Tamaulipas)
28036,San Nicolás (Tamaulipas)
28037,Soto la Marina (Tamaulipas)
28043,Xicoténcatl (Tamaulipas)
28008,Casas (Tamaulipas)
29005,Apizaco (Tlaxcala)
29006,Calpulalpan (Tlaxcala)
29010,Chiautempan (Tlaxcala)
29013,Huamantla (Tlaxcala)
29018,Contla de Juan Cuamatzi (Tlaxcala)
29025,San Pablo del Monte (Tlaxcala)
29028,Teolocholco (Tlaxcala)
29031,Tetla de la Solidaridad (Tlaxcala)
29033,Tlaxcala (Tlaxcala)
29041,Papalotla de Xicohténcatl (Tlaxcala)
29044,Zacatelco (Tlaxcala)
29001,Amaxac de Guerrero (Tlaxcala)
29002,Apetatitlán de Antonio Carvajal (Tlaxcala)
29008,Cuapiaxtla (Tlaxcala)
29009,Cuaxomulco (Tlaxcala)
29014,Hueyotlipan (Tlaxcala)
29015,Ixtacuixtla de Mariano Matamoros (Tlaxcala)
29017,Mazatecochco de José María Morelos (Tlaxcala)
29023,Natívitas (Tlaxcala)
29024,Panotla (Tlaxcala)
29026,Santa Cruz Tlaxcala (Tlaxcala)
29027,Tenancingo (Tlaxcala)
29029,Tepeyanco (Tlaxcala)
29030,Terrenate (Tlaxcala)
29032,Tetlatlahuca (Tlaxcala)
29034,Tlaxco (Tlaxcala)
29035,Tocatlán (Tlaxcala)
29036,Totolac (Tlaxcala)
29037,Ziltlaltépec de Trinidad Sánchez Santos (Tlaxcala)
29038,Tzompantepec (Tlaxcala)
29039,Xaloztoc (Tlaxcala)
29040,Xaltocan (Tlaxcala)
29042,Xicohtzinco (Tlaxcala)
29043,Yauhquemehcan (Tlaxcala)
29045,Benito Juárez (Tlaxcala)
29046,Emiliano Zapata (Tlaxcala)
29049,San Damián Texóloc (Tlaxcala)
29050,San Francisco Tetlanohcan (Tlaxcala)
29051,San Jerónimo Zacualpan (Tlaxcala)
29052,San José Teacalco (Tlaxcala)
29053,San Juan Huactzinco (Tlaxcala)
29054,San Lorenzo Axocomanitla (Tlaxcala)
29056,Santa Ana Nopalucan (Tlaxcala)
29058,Santa Catarina Ayometla (Tlaxcala)
29060,Santa Isabel Xiloxoxtla (Tlaxcala)
29022,Acuamanala de Miguel Hidalgo (Tlaxcala)
29004,Atltzayanca (Tlaxcala)
29003,Atlangatepec (Tlaxcala)
29020,Sanctórum de Lázaro Cárdenas (Tlaxcala)
29021,Nanacamilpa de Mariano Arista (Tlaxcala)
29047,Lázaro Cárdenas (Tlaxcala)
30028,Boca del Río (Veracruz de Ignacio de la Llave)
30039,Coatzacoalcos (Veracruz de Ignacio de la Llave)
30044,Córdoba (Veracruz de Ignacio de la Llave)
30087,Xalapa (Veracruz de Ignacio de la Llave)
30108,Minatitlán (Veracruz de Ignacio de la Llave)
30118,Orizaba (Veracruz de Ignacio de la Llave)
30131,Poza Rica de Hidalgo (Veracruz de Ignacio de la Llave)
30193,Veracruz (Veracruz de Ignacio de la Llave)
30026,Banderilla (Veracruz de Ignacio de la Llave)
30030,Camerino Z. Mendoza (Veracruz de Ignacio de la Llave)
30032,Catemaco (Veracruz de Ignacio de la Llave)
30040,Coatzintla (Veracruz de Ignacio de la Llave)
30048,Cosoleacaque (Veracruz de Ignacio de la Llave)
30068,Fortín (Veracruz de Ignacio de la Llave)
30071,Huatusco (Veracruz de Ignacio de la Llave)
30102,Martínez de la Torre (Veracruz de Ignacio de la Llave)
30115,Nogales (Veracruz de Ignacio de la Llave)
30124,Papantla (Veracruz de Ignacio de la Llave)
30128,Perote (Veracruz de Ignacio de la Llave)
30141,San Andrés Tuxtla (Veracruz de Ignacio de la Llave)
30183,Tlapacoyan (Veracruz de Ignacio de la Llave)
30189,Tuxpan (Veracruz de Ignacio de la Llave)
30204,Agua Dulce (Veracruz de Ignacio de la Llave)
30208,Carlos A. Carrillo (Veracruz de Ignacio de la Llave)
30014,Amatlán de los Reyes (Veracruz de Ignacio de la Llave)
30038,Coatepec (Veracruz de Ignacio de la Llave)
30047,Coscomatepec (Veracruz de Ignacio de la Llave)
30062,Chocamán (Veracruz de Ignacio de la Llave)
30065,Emiliano Zapata (Veracruz de Ignacio de la Llave)
30069,Gutiérrez Zamora (Veracruz de Ignacio de la Llave)
30079,Ixhuacán de los Reyes (Veracruz de Ignacio de la Llave)
30082,Ixhuatlán del Sureste (Veracruz de Ignacio de la Llave)
30086,Jalacingo (Veracruz de Ignacio de la Llave)
30094,Juan Rodríguez Clara (Veracruz de Ignacio de la Llave)
30101,Mariano Escobedo (Veracruz de Ignacio de la Llave)
30105,Medellín de Bravo (Veracruz de Ignacio de la Llave)
30123,Pánuco (Veracruz de Ignacio de la Llave)
30130,Playa Vicente (Veracruz de Ignacio de la Llave)
30133,Pueblo Viejo (Veracruz de Ignacio de la Llave)
30135,Rafael Delgado (Veracruz de Ignacio de la Llave)
30144,Sayula de Alemán (Veracruz de Ignacio de la Llave)
30164,Teocelo (Veracruz de Ignacio de la Llave)
30175,Tihuatlán (Veracruz de Ignacio de la Llave)
30191,Ursulo Galván (Veracruz de Ignacio de la Llave)
30201,Zongolica (Veracruz de Ignacio de la Llave)
30011,Alvarado (Veracruz de Ignacio de la Llave)
30145,Soconusco (Veracruz de Ignacio de la Llave)
30006,Acultzingo (Veracruz de Ignacio de la Llave)
30013,Naranjos Amatlán (Veracruz de Ignacio de la Llave)
30020,Atlahuilco (Veracruz de Ignacio de la Llave)
30023,Atzalan (Veracruz de Ignacio de la Llave)
30024,Tlaltetela (Veracruz de Ignacio de la Llave)
30031,Carrillo Puerto (Veracruz de Ignacio de la Llave)
30033,Cazones de Herrera (Veracruz de Ignacio de la Llave)
30035,Citlaltépetl (Veracruz de Ignacio de la Llave)
30043,Comapa (Veracruz de Ignacio de la Llave)
30049,Cotaxtla (Veracruz de Ignacio de la Llave)
30052,Cuichapa (Veracruz de Ignacio de la Llave)
30055,Chalma (Veracruz de Ignacio de la Llave)
30061,Las Choapas (Veracruz de Ignacio de la Llave)
30063,Chontla (Veracruz de Ignacio de la Llave)
30091,Jesús Carranza (Veracruz de Ignacio de la Llave)
30098,Magdalena (Veracruz de Ignacio de la Llave)
30104,Mecayapan (Veracruz de Ignacio de la Llave)
30109,Misantla (Veracruz de Ignacio de la Llave)
30110,Mixtla de Altamirano (Veracruz de Ignacio de la Llave)
30121,Ozuluama de Mascareñas (Veracruz de Ignacio de la Llave)
30142,San Juan Evangelista (Veracruz de Ignacio de la Llave)
30149,Soteapan (Veracruz de Ignacio de la Llave)
30160,Álamo Temapache (Veracruz de Ignacio de la Llave)
30171,Texhuacán (Veracruz de Ignacio de la Llave)
30173,Tezonapa (Veracruz de Ignacio de la Llave)
30177,Tlacolulan (Veracruz de Ignacio de la Llave)
30181,Tlalixcoyan (Veracruz de Ignacio de la Llave)
30188,Totutla (Veracruz de Ignacio de la Llave)
30206,Nanchital de Lázaro Cárdenas del Río (Veracruz de Ignacio de la Llave)
30212,Santiago Sochiapan (Veracruz de Ignacio de la Llave)
30113,Naranjal (Veracruz de Ignacio de la Llave)
30163,Tenochtitlán (Veracruz de Ignacio de la Llave)
31050,Mérida (Yucatán)
31038,Hunucmá (Yucatán)
31041,Kanasín (Yucatán)
31052,Motul (Yucatán)
31056,Oxkutzcab (Yucatán)
31059,Progreso (Yucatán)
31079,Tekax (Yucatán)
31089,Ticul (Yucatán)
31096,Tizimín (Yucatán)
31101,Umán (Yucatán)
31102,Valladolid (Yucatán)
31007,Cacalchén (Yucatán)
31008,Calotmul (Yucatán)
31011,Celestún (Yucatán)
31013,Conkal (Yucatán)
31021,Chichimilá (Yucatán)
31027,Dzidzantún (Yucatán)
31032,Espita (Yucatán)
31033,Halachó (Yucatán)
31035,Hoctún (Yucatán)
31037,Huhí (Yucatán)
31039,Ixil (Yucatán)
31048,Maxcanú (Yucatán)
31049,Mayapán (Yucatán)
31063,Samahil (Yucatán)
31067,Seyé (Yucatán)
31082,Telchac Pueblo (Yucatán)
31085,Temozón (Yucatán)
31087,Tetiz (Yucatán)
31093,Tixkokob (Yucatán)
31105,Yaxkukul (Yucatán)
31001,Abalá (Yucatán)
31019,Chemax (Yucatán)
31034,Hocabá (Yucatán)
31055,Opichén (Yucatán)
31061,Río Lagartos (Yucatán)
31069,Sotuta (Yucatán)
31010,Cantamayec (Yucatán)
31018,Chapab (Yucatán)
31036,Homún (Yucatán)
31051,Mocochá (Yucatán)
31058,Peto (Yucatán)
31076,Tecoh (Yucatán)
31091,Tinum (Yucatán)
31104,Yaxcabá (Yucatán)
31014,Cuncunul (Yucatán)
31031,Dzoncauich (Yucatán)
31054,Muxupip (Yucatán)
31065,San Felipe (Yucatán)
31083,Telchac Puerto (Yucatán)
31086,Tepakán (Yucatán)
32010,Fresnillo (Zacatecas)
32017,Guadalupe (Zacatecas)
32056,Zacatecas (Zacatecas)
32005,Calera (Zacatecas)
32020,Jerez (Zacatecas)
32024,Loreto (Zacatecas)
32034,Nochistlán de Mejía (Zacatecas)
32036,Ojocaliente (Zacatecas)
32039,Río Grande (Zacatecas)
32042,Sombrerete (Zacatecas)
32048,Tlaltenango de Sánchez Román (Zacatecas)
32006,Cañitas de Felipe Pescador (Zacatecas)
32009,Chalchihuites (Zacatecas)
32014,General Francisco R. Murguía (Zacatecas)
32016,General Pánfilo Natera (Zacatecas)
32019,Jalpa (Zacatecas)
32029,Miguel Auza (Zacatecas)
32031,Monte Escobedo (Zacatecas)
32032,Morelos (Zacatecas)
32044,Tabasco (Zacatecas)
32051,Villa de Cos (Zacatecas)
32053,Villa González Ortega (Zacatecas)
32054,Villa Hidalgo (Zacatecas)
32055,Villanueva (Zacatecas)
32057,Trancoso (Zacatecas)
32035,Noria de Ángeles (Zacatecas)
32040,Sain Alto (Zacatecas)
32001,Apozol (Zacatecas)
32003,Atolinga (Zacatecas)
32022,Juan Aldama (Zacatecas)
32023,Juchipila (Zacatecas)
32026,Mazapil (Zacatecas)
32038,Pinos (Zacatecas)
32041,El Salvador (Zacatecas)
32049,Valparaíso (Zacatecas)
32052,Villa García (Zacatecas)
32011,Trinidad García de la Cadena (Zacatecas)
32012,Genaro Codina (Zacatecas)
