ARTICULO,Name
0001,BONETE O PAN CENA SALADO (PAN BAGEL)
0002,CROTONES
0003,ESPIGA DE PAN CON QUESO
0004,PAN BASE PARA PIZZA
0005,"PAN BAGUETTE CON QUESO, AJONJOLI, ETC."
0006,PAN BAGUETTE CORRIENTE O PAN ITALIANO
0007,"PAN BLANCO, MANITA O PIÑA (PAN FRANCES)"
0008,"PAN CHAPATA, PAN ESPAÑOL Y PAN DE NEGRO"
0010,PAN CUADRADO CORRIENTE (BLANCO)
0011,"PAN CUADRADO DE ANIS, LINAZA, ZANAHORIA"
0013,PAN INTEGRAL DE PANADERIA
0014,PAN CUADRADO INTEGRAL (THINS INTEGRAL EMPACADO)
0015,"PAN CUADRADO LIGHT O 0% GRASA, (THINS EMPACADO)"
0016,"PAN CUADRADO MULTIGRANO, DOBLE FIBRA O CENTENO"
0017,"PAN DE ESPECIES (AJO, CEBOLLA, ETC)"
0018,PAN MOLIDO
0019,PAN PARA HAMBURGUESA
0020,PAN PARA HOT DOG (PERRO CALIENTE) O PAN EUROPEO EMPACADO
0021,PAN PITA O ARABE
0022,"PAN RELLENO SALADO (PAN RELLENO DE QUESO CREMA, ETC.)"
0023,TOSTADAS EMPACADAS O DE PANADERIA
0029,OTROS PANES SALADOS
0030,BOLLO DE PAN DULCE
0031,BONETE DE PAN DULCE O PAN CASERO
0032,PAN CON FRUTAS (PAN BON)
0033,"PAN RELLENO DULCE (PAN RELLENO CON DULCE DE LECHE, CREMA PASTELERA, ETC.)"
0034,TRENZA O PAN DE CANELA (ROLLO DE CANELA)
0039,OTROS PANES DULCES
0040,TORTILLA DE HARINA
0041,TORTILLA DE MAIZ PAQUETE
0042,TORTILLA DE HARINA INTEGRAL
0043,PAN PIZZA
0049,OTRAS TORTILLAS
0050,ALMOJABANA
0051,BAGEL
0052,"BIZCOCHOS, ROSQUILLAS, MANTECADOS, PALITOS SALADOS DE HARINA O QUESO"
0053,BIZCOCHO DE NATILLA Y QUESO
0055,CANGREJO O CROISSANT SALADO
0058,"ENCHILADA, PASTELILLO O EMPANADA DE HOJALDRE, ARGENTINAS Y CHILENAS"
0059,PASTEL CONGELADO LISTO PARA HORNEAR
0060,PIZZA CONGELADA LISTA PARA HORNEAR
0061,REPOSTERIA MACROBIOTICA (PALITOS DE AJONJOLI)
0062,TRENZA O ARROLLADO DE QUESO
0069,OTROS TIPOS DE REPOSTERIA SALADA
0070,ALFAJORES
0071,"ARROLLADO DULCE, GATO, BORRACHO, MERENDINA, ETC."
0072,BROWNIE
0073,BUDIN
0074,"CACHO, PAÑUELO O PRUSIANO RELLENOS CON LUSTRE, CREMA PASTELERA O DULCE DE LECHE"
0075,CREMITA O E-CLIAR RELLENO CON CREMA PASTELERA
0076,COSTILLA Y TOSTEL
0077,"DONA, CHURRO O BUÑUELO SIMPLE"
0078,"DONA, CHURRO O BUÑUELO RELLENO"
0079,"EMPANADA DE PIÑA, GUAYABA O JALEA"
0080,MUFFIN CON LUSTRE O RELLENO (CUP CAKE)
0081,"OREJAS, PALMERAS, PRESTIÑOS"
0082,QUEQUE CON LUSTRE O RELLENO Y CARLOTA
0083,"QUEQUE NAVIDEÑO, QUEQUE CON FRUTOS SECOS (PASAS) O SEMILLAS"
0084,QUEQUE SECO O DE ZANAHORIA
0085,"QUESADILLA DULCE, PUPUSA DE QUESO Y AZUCAR"
0086,"ROSQUILLAS DULCES, ILUSTRADOS"
0087,"STRUDEL, PASTELILLO, TARTALETA O FLAUTA DE FRUTAS"
0088,"TAMAL DE MAIZ, MAICENA, ASADO, PAN DE ELOTE"
0089,TARTARA O COCADAS
0090,TORTA CHILENA
0091,WAFFLES EMPACADOS
0099,OTROS TIPOS DE REPOSTERIA DULCE
0100,BARQUILLOS DE CHOCOLATE O RELLENOS
0101,BARQUILLOS DE VAINILLA O COMBINADOS
0102,CONOS CORRIENTES
0103,CONOS O CANASTAS AZUCARADAS
0104,GALLETAS DE ARROZ
0105,GALLETAS DE AVENA
0106,GALLETAS DULCES CON RELLENO
0107,GALLETAS DULCES INTEGRALES Y EXTRA FIBRA (FIBRA MIEL)
0108,"GALLETAS DULCES SIMPLES SIN RELLENO (DEDOS DE SEÑORA O BIZCOTELAS, MARIA Y GALLETAS DE PANADERIA)"
0109,GALLETAS LIBRES DE AZUCAR O LIGH
0110,GALLETA SALADAS
0111,GALLETAS SALADAS INTEGRALES Y EXTRA FIBRA
0112,GALLETAS SALADAS RELLENAS
0113,SORBETOS
0119,OTRAS GALLETAS
0122,MEZCLA PARA PANCAKES
0123,MEZCLA PASTA PARA PIZZA
0124,MEZCLA PARA QUEQUE DE CHOCOLATE O BROWNIES
0125,MEZCLA PARA QUEQUES DE VAINILLA O TRES LECHES
0129,OTRAS MEZCLAS PARA REPOSTERIA
0130,AFRECHO O SALVADO
0131,ALMIDON DE YUCA
0132,AVENA INTEGRAL
0133,BARRAS DE CEREAL
0134,BARRAS DE GRANOLA
0135,CEREAL DE AVENA
0136,CEREAL AZUCARADO
0137,CEREAL DE CHOCOLATE
0138,CEREAL DE GALLETAS
0139,"CEREAL EN HOJUELAS DE MAIZ, CORRIENTE"
0140,CEREAL INTEGRAL
0141,CEREAL KOMPLETE
0142,CEREAL LIGHT
0143,CEREAL PARA BEBES
0144,FECULA DE MAIZ
0146,GRANOLA
0147,MAICENA SABOR A FRUTAS O VAINILLA
0148,POLEN
0160,"ARROZ CRUDO PREPARADO (C/ MARISCOS, CON POLLO O VERDE)"
0161,ARROZ DE JAZMIN
0162,ARROZ GRANO ENTERO
0163,ARROZ INTEGRAL
0164,ARROZ PARA RISOTTO
0165,ARROZ PARA SUSHI
0166,ARROZ PRECOCIDO
0167,PUNTILLAS DE ARROZ
0170,HARINA DE MAIZ (MASA) Y MASA PREPARADA PARA CHORREADAS
0171,HARINA DE SOYA
0172,HARINA DE TRIGO (CORRIENTE)
0173,HARINA DE YUCA O PEJIBAYE
0174,HARINA INTEGRAL
0179,OTROS TIPOS DE HARINA
0180,"PASTA CARACOLITOS, CABELLO DE ANGEL, LENGUA, CANELONES, CHOP SUEY, ESPAGUETIS, LASAÑA, ETC."
0182,PASTA CON ESPINACAS SIN PREPARAR
0183,"PASTA CON SALSA BLANCA, ALFREDO O A LA CARBONARA SIN PREPARAR"
0184,PASTA CON SALSA DE QUESO
0185,PASTA DE ARROZ
0187,RAVIOLES
0199,OTRAS PASTAS
0200,LECHE AGRIA
0201,CREMA DULCE
0202,DULCE DE LECHE
0203,LECHE CON CEREALES (ARROZ O MAIZ)
0204,LECHE CONDENSADA
0205,LECHE CONDENSADA LIGHT
0206,LECHE DE CABRA (FLUIDA)
0207,LECHE DE SOYA EN POLVO
0208,LECHE DE SOYA FLUIDA
0209,LECHE DESCREMADA BLANCA LIQUIDA (0% GRASA)
0210,LECHE DESCREMADA EN POLVO
0211,LECHE ENTERA FORTIFICADA
0212,LECHE EVAPORADA
0213,LECHE EVAPORADA 0% GRASA O LIGHT
0214,LECHE FRESCA O INTEGRA LIQUIDA
0215,LECHE INLINE 1% O DELACTOMY INLINE LIQUIDA
0216,LECHE INTEGRA EN POLVO
0217,LECHE O CREMA DE COCO
0218,LECHE SEMIDESCREMADA EN POLVO
0219,LECHE SEMIDESCREMADA LIQUIDA
0220,ROMPOPE EN POLVO
0221,ROMPOPE SIN LICOR
0222,LECHE DE ALMENDRA FLUIDA
0230,CHANTILLY PREPARADA SABOR CHOCOLATE O FRESA
0231,CHANTILLY PREPARADA SABOR VAINILLA
0232,CREMA PARA CHANTILLY EN POLVO
0234,FORMULA NUTRITIVA
0235,"LECHE FORMULA MATERNIZADA, EN POLVO"
0236,SUPLEMENTOS LACTEOS PARA BEBES
0237,SUPLEMENTOS PARA DEPORTISTAS
0238,SUSTITUTOS DE COMIDAS
0249,OTROS SUCEDANEOS LACTEOS
0250,APRETADOS
0251,BOLIS
0252,CONO CON HELADO
0253,"ENSALADAS DE FRUTAS CON HELADOS (BANANA SPLIT, PARFAIT DE FRUTAS)"
0254,GELATINA CON HELADOS
0255,GRANIZADOS CON HELADOS O CHURCHIL
0256,GRANIZADOS CON UNA O DOS LECHES
0257,HELADOS A BASE DE AGUA (PALETA O PALITO)
0258,"HELADOS A BASE DE LECHE (PALETA, PALITO, CAJITA O GALON)"
0259,HELADOS DE YOGURT O LIGHT
0260,NIEVES
0261,QUEQUE HELADO O HELADO CON GALLETA
0262,SUNDAE
0269,OTROS POSTRES CON HELADOS
0270,"DIPS (DE CEBOLLA, ESPARRAGOS, TOCINETA, CHIPOTLE, VEGETALES, ETC.)"
0271,NATILLA
0272,NATILLA LIGHT
0273,YOGURT CON AZUCAR SABOR A FRUTAS
0274,YOGURT CON TOPPING
0276,YOGURT LIGHT
0277,YOGURT NATURAL
0290,CUAJADA
0291,QUESILLO REQUESON
0292,QUESO AHUMADO
0293,QUESO AZUL O FETA
0295,QUESO CHEDDAR
0296,QUESO COTTAGE
0297,QUESO CREMA (QUESO PARA UNTAR)
0298,QUESO CREMA LIGHT
0299,QUESO DE SOYA (TOFU)
0300,"QUESO DURO O SEMIDURO (PARA FREIR, DADOS DE QUESO)"
0301,QUESO ENMENTAL
0302,QUESO GOUDA
0303,QUESO MADURO (EDAM)
0304,QUESO MANCHEGO
0305,QUESO MOZARELLA
0307,QUESO PALMITO
0308,QUESO PARA NACHOS (DE UNTAR)
0309,QUESO PARMESANO
0310,QUESO PIZZERO
0311,QUESO PROCESADO (AMARILLO)
0312,QUESO PROCESADO AMARILLO LIGHT O MOZARELA LIGHT
0313,QUESO PROVOLONE
0314,QUESO RICOTA
0315,QUESO SECO RAYADO (QUESO MOLIDO)
0316,"QUESO TIERNO, BLANCO (TURRIALBA)"
0329,OTRAS VARIEDADES DE QUESO
0330,HUEVOS DE CODORNIZ FRESCOS O EN CONSERVA
0331,HUEVOS DE GALLINA (BLANCOS O ROJOS)
0340,BISTEC O CARNE DE RES PARA ASAR
0341,CARNE DE TERNERO
0342,CARNE MOLIDA DE RES
0343,"CECINA, QUITITEÑA, GALLINITA O PARA DESMECHAR DE RES"
0344,COLA DE LOMO DE RES
0345,COSTILLA DE RES
0346,HIGADO DE RES
0348,"JARRETE, HUESO DE PESCUEZO, OSOBUCO, POSTA CON HUESO"
0349,LENGUA DE RES
0350,LOMITO DE AGUJA DE RES
0351,"LOMO DE RES, VUELTA DE LOMO DE RES"
0352,MANO DE PIEDRA DE RES
0353,MILANESA DE RES
0354,MONDONGO DE RES
0355,POSTA O TROCITOS DE RES
0357,TORTAS DE RES PARA HAMBURGUESA
0358,"VISCERAS DE RES (BOFE, CORAZON, MORCILLA, RIÑONES, ETC.)"
0369,OTRAS CARNES DE RES
0370,"BISTEC, POSTA DE CERDO O TROCITOS DE CERDO"
0371,CHICHARRON DE CERDO (COCIDO)
0372,CHICHARRON DE CONCHA DE CERDO
0373,CHULETA DE CERDO CORRIENTE
0374,"CHULETA DE CERDO AHUMADA, CARNE DE CERDO PRENSADA"
0375,COSTILLA DE CERDO
0376,LECHON Y FALDA DE CERDO
0377,LOMO O LOMITO DE CERDO
0378,MOLIDA DE CERDO
0379,MORCILLA O MORONGA
0380,PANZADA DE CERDO
0381,PELLEJO DE CERDO
0382,"PEZUÑA DE CERDO, RABO, CABEZA Y OREJAS"
0383,PIERNA DE CERDO O CARNE PARA CHICHARRONES
0384,TOCINO
0385,"VISCERAS DE CERDO (SESOS, HIGADO, CORAZON, ETC.)"
0389,OTRAS CARNES DE CERDO
0390,ALAS DE POLLO
0392,"FILETE DE PECHUGA DESHUESADA, FAJITAS DE PECHUGA DE POLLO"
0393,GALLINA ENTERA O GALLO ENTERO
0394,MENUDOS O VISCERAS DE POLLO
0395,MOLIDA DE POLLO
0396,MUSLITO DE ALA DE POLLO
0397,MUSLITOS O NUGGETS DE POLLO CRUDOS
0398,MUSLO DE POLLO CON PIEL
0399,MUSLO DE POLLO DESHUESADO
0400,MUSLO DE POLLO SIN PIEL
0401,PECHUGA DE POLLO CON PIEL Y HUESO
0404,POLLO ENTERO
0405,TORTAS DE POLLO
0406,TROCITOS DE POLLO
0410,CARNE DE CONEJO
0411,CARNE DE SOYA
0414,PAVO ENTERO
0415,PECHUGA DE PAVO
0419,OTRAS CARNES
0420,"CANTONES, PREPARADO PARA ARROZ"
0421,"CARNE PRENSADA DE RES, AHUMADA"
0422,CHORIZO DE CERDO
0423,CHORIZO DE SOYA
0424,CHORIZO PRECOCIDO
0425,JAMON DE PAVO
0426,JAMON DE PAVO LIGHT
0427,JAMON DE POLLO LIGHT
0428,JAMON DE POLLO O CONEJO
0429,JAMON DE RES O CERDO
0430,JAMON DE SOYA
0432,MORTADELA BOLOGNA (RES Y CERDO)
0433,MORTADELA DE POLLO
0434,MORTADELA JAMONADA (RES Y CERDO)
0435,MORTADELA LIHGT
0436,PATE DE ATUN
0437,PATE DE CERDO O RES
0438,PATE DE POLLO
0440,PEPERONI (RES Y CERDO)
0443,SALAMI
0444,SALCHICHA DE PAVO
0445,SALCHICHA DE POLLO
0446,SALCHICHA DE RES O CERDO
0448,SALCHICHA RELLENA DE QUESO
0449,SALCHICHON DE POLLO
0450,SALCHICHON DE RES O CERDO
0453,TOCINETA
0455,CHORIZO DE POLLO
0459,OTROS EMBUTIDOS
0460,ALMEJA FRESCA O BERBERECHOS
0463,"ATUN CON VEGETALES (CON MAIZ, CON JALAPEÑOS, ETC.)"
0464,ATUN EN ACEITE
0465,ATUN EN AGUA O LIGHT
0466,ATUN TROZO O FILETE
0467,BACALAO
0469,CABEZAS DE PESCADO (RECORTES)
0470,CALAMARES ENLATADOS
0471,CALAMARES FRESCOS
0472,CAMARONES EMPANIZADOS CONGELADOS
0473,CAMARONES FRESCOS
0474,CAMARONES SECOS
0476,CANGREJO
0479,CHUCHECA
0480,CHULETA DE PESCADO
0481,CORVINA O CORVINETA FILETE
0482,DORADO FILETE
0483,"ENSALADAS CON ATUN ENVASADAS (CARACOLITOS, RUSA, ETC.)"
0484,FILETE DE PESCADO
0488,MACARELA O VELA
0489,MARISCADA PARA PAELLA
0490,MARLINES
0491,MEJILLONES EN ACEITE ENLATADOS
0492,MEJILLONES EN ESCABECHE ENLATADOS
0493,MEJILLONES FRESCOS
0495,PARGO FILETE
0496,PESCADO ENTERO
0497,PULPO EN ACEITE ENLATADO
0500,SALMON ENLATADO
0501,SALMON FILETE
0502,SARDINAS EN ACEITE ENLATADAS (ARENQUE)
0503,SARDINAS EN SALSA DE TOMATE O ESCABECHE ENLATADAS
0505,SURIME
0506,TIBURON FILETE
0507,TILAPIA EMPANIZADA CONGELADA
0508,TILAPIA ENTERA
0509,TILAPIA FILETE
0510,"TORTAS CONGELADAS DE PESCADO, DEDOS DE PESCADO EMPANIZADOS"
0512,TRUCHA FILETE
0519,OTROS PESCADOS Y MARISCOS
0520,ACEITE DE AJONJOLI
0521,ACEITE DE CANOLA
0522,ACEITE DE GIRASOL
0523,ACEITE DE MAIZ
0524,ACEITE DE OLIVA
0525,ACEITE DE PALMA AFRICANA
0526,ACEITE DE SOYA
0528,AJO EN ACEITE
0529,ACEITES EN AEROSOL
0530,ACEITE DE COCO
0540,LACTOCREMA
0541,MANTECA DE CERDO
0542,MANTECA VEGETAL
0543,MANTEQUILLA
0544,MANTEQUILLA DE AJO
0545,MANTEQUILLA DE MANI
0546,MANTEQUILLA LIVIANA Y SIN SAL
0547,MARGARINA CON MIEL
0550,MARGARINA DIETETICA O LIGHT
0551,MARGARINA NORMAL O SUAVE CON SAL
0552,MAYONESA CORRIENTE
0553,MAYONESA DE SOYA
0554,MAYONESA LIGHT
0555,MAYONESA Y SALSA TARTARA
0560,AGUACATE HASS O CRIOLLO
0562,ANONA
0563,ARANDANOS
0564,BANANOS MADURO
0565,BANANOS VERDE
0566,CACAO FRUTO
0567,CAIMITO
0568,CAÑA DE AZUCAR (BOLSA)
0569,CARAMBOLA
0570,CAS
0571,CEREZA
0572,CIRUELA ROJA O AMARILLA
0573,COCO RAYADO
0574,COCO TIERNO
0575,COCOS SECOS
0576,CUADRADO MADURO
0577,CUADRADO VERDE
0578,DURAZNO
0579,FRAMBUESA O FRUTILLA
0580,FRESA (CAJA)
0581,FRUTA DE PAN
0582,GRANADILLA
0584,GUABA
0585,GUANABANA
0586,GUAYABA
0587,GUINEO VERDE
0588,HIGOS
0589,JOCOTE
0590,KIWIS
0591,LIMON ACIDO CRIOLLO O MESINO
0592,LIMON DULCE
0593,LIMON MANDARINA
0594,MAMON CHINO
0595,MAMON CRIOLLO
0596,MANDARINA
0597,MANGA MADURA
0598,MANGA VERDE
0599,MANGO MADURO
0600,MANGO VERDE
0601,MANZANA
0602,MANZANA DE AGUA
0604,MARACUYA
0605,MARAÑON
0606,MELOCOTON
0607,MELON
0608,MORA O ZARZAMORA (BOLSA)
0609,NANCE (BOLSA)
0610,NARANJA AGRIA
0611,NARANJA DULCE
0612,NARANJILLA
0613,NECTARINA
0614,NISPEROS
0616,PAPAYA
0617,PEJIBAYE
0618,PERA
0619,PIÑA
0620,PIPA
0621,PITAHAYA
0622,PLATANO MADURO
0623,PLATANO VERDE
0624,SANDIA
0625,TAMARINDO
0626,TORONJA
0627,UCHUVA
0628,UVA
0629,YUPLON
0630,ZAPOTE
0631,PULPAS O CONCENTRADOS DE FRUTAS
0639,OTRAS FRUTAS FRESCAS
0640,CEREZAS EN CONSERVA
0641,COCTEL DE FRUTAS EN ALMIBAR
0643,MANGO EN CONSERVA
0644,MELOCOTONES EN CONSERVA
0645,PEJIBAYE EN CONSERVA
0660,AJONJOLI
0661,ALMENDRAS O AVELLANAS
0664,CHAN
0665,LINAZA
0666,MACADAMIA
0667,"MANI A LA BARBACOA, SALADO O PICANTE"
0668,MANI CON CASCARA
0669,"MANI GARAPIÑADO, HONNEY ROST"
0670,MANI SIMPLE SIN CASCARA
0671,NUECES
0672,PASAS
0673,PASAS CON SEMILLAS
0675,PISTACHO
0676,SEMILLAS DE GIRASOL
0677,SEMILLAS DE MARAÑON
0678,SEMILLAS MIXTAS
0679,MORINGA (SEMILLA O MOLIDA)
0680,CHIA (SEMILLA O MOLIDA)
0689,OTRAS SEMILLAS
0690,BANANO DESHIDRATADO (PASADOS)
0691,CIRUELA PASA
0692,FRUTA CONFITADA O CRISTALIZADA
0699,"OTRAS FRUTAS DESHIDRATADAS (MIXTAS, MANGO, PIÑA, KIWI)"
0700,ACELGA
0701,AJO
0702,ALBAHACA FRESCA
0703,ALCACHOFA
0704,ALCAPARRAS
0705,ALFALFA
0707,APIO FRESCO
0708,ARUGULA O RUGULA
0709,AYOTE SAZON Y CALABAZA
0710,AYOTE TIERNO
0711,BERENJENA
0712,BERROS
0713,BROCOLI
0715,CEBOLLIN
0716,CHAYOTE
0717,CHAYOTE COCORO
0718,CHAYOTE SAZON
0720,CHILE DULCE O PIMIENTO
0721,CHILE PICANTE O JALAPEÑO
0722,CHIVERRE
0723,COL DE BRUSELAS
0724,COLIFLOR CRUDA
0725,CULANTRO CASTILLA
0726,CULANTRO COYOTE
0727,ELOTE BLANCO Y AMARILLO
0728,ESPARRAGOS FRESCOS
0729,ESPINACAS
0730,FLOR DE ITABO
0731,HIERBA BUENA FRESCA
0734,"HOJAS DE RABANO, REMOLACHA, QUELITES Y MALVA"
0735,HONGOS FRESCOS
0736,"LECHUGA AMERICANA, VERONICA"
0737,LECHUGA CRIOLLA
0738,MAIZ CASCADO
0739,MAIZ DESGRANADO
0740,MAIZ PARA PALOMITAS DE MICROONDAS
0741,MANZANILLA FRESCA
0743,MINIVEGETALES
0744,MOSTAZA EN HOJAS
0745,OREGANO FRESCO
0746,PALMITO (BOLSA)
0747,PEPINO
0748,PEREJIL FRESCO
0749,PIPIAN
0750,PUERRO
0751,REPOLLO MORADO
0752,REPOLLO VERDE
0753,ROMERO FRESCO
0754,SABILA
0755,TACACO
0756,TOMATE
0757,TOMATES CHERRIES
0758,TOMILLO FRESCO
0759,VAINICA
0760,ZAPALLO O ZUQUINI
0761,"VERDURAS PICADAS (ZANAHORIAS, VAINICAS, ETC.)"
0762,HOJAS DE PLATANO
0764,CHILE PANAMEÑO
0769,OTROS VEGETALES Y HORTALIZAS FRESCOS
0770,"ARVEJA, PETIT POIS O CHICHAROS FRESCOS"
0771,CUBACES
0772,FRIJOL DE SOYA
0773,FRIJOLES BLANCOS
0774,FRIJOLES NEGROS
0775,FRIJOLES ROJOS
0776,FRIJOLES TIERNOS O NACIDOS
0777,GARBANZOS
0778,LENTEJAS
0790,ARRACACHE
0791,CAMOTE
0792,CEBOLLA (BLANCA O MORADA)
0793,MALANGA
0794,ÑAME
0795,ÑAMPI
0796,PAPA
0797,RABANO LARGO
0798,RABANO REDONDO
0799,RAIZ DE CHAYOTE
0800,REMOLACHA
0801,TIQUISQUE
0802,YUCA
0803,ZANAHORIA
0810,AROS DE CEBOLLA CONGELADOS
0811,CEVICHE DE PLATANO EMPACADO
0813,"ENSALADAS DE VEGETALES EMPACADAS (CESAR, ETC.)"
0815,ENYUCADOS CON CARNE O QUESO CONGELADOS
0816,GUACAMOLE EMPACADO
0817,PAPAS CONGELADAS LISTAS PARA FREIR
0818,PICO DE GALLO EMPACADO O SERVIDO
0819,"PREPARADO PARA PURE DE PAPA, YUCA Y CAMOTE"
0820,PURES O COLADOS DE FRUTAS
0821,PURES O COLADOS DE VERDURA Y CARNES
0822,VERDURAS PARA OLLA CARNE CRUDAS
0830,ACEITUNAS EN CONSERVA
0831,ACEITUNAS RELLENAS EN CONSERVA
0832,"ARVEJAS, GUISANTES O PETIT POIS EN CONSERVA"
0833,CEBOLLITAS EN CONSERVA
0834,CHILE CHIPOTLE EN CONSERVA
0835,CHILERO DE VEGETALES
0836,CHILES JALAPEÑOS EN CONSERVA
0837,ELOTES EN CONSERVA
0838,ENCURTIDOS DE VEGETALES EN MOSTAZA
0839,ENCURTIDOS DE VEGETALES EN VINAGRE
0840,ESPARRAGOS EN CONSERVA
0841,FRIJOLES MOLIDOS EN CONSERVA
0842,FRIJOLES PREPARADOS EMPACADOS
0843,GARBANZOS EN CONSERVA
0844,HONGOS EN CONSERVA
0845,MAIZ DULCE EN CONSERVA
0846,PALMITO EN CONSERVA
0847,PEPINILLOS EN CONSERVA
0848,TOMATES EN CONSERVA
0849,VEGETALES MIXTOS EN CONSERVA
0860,AZUCAR MORENO
0861,AZUCAR REFINADA (EN POLVO)
0862,AZUCAR REGULAR
0863,DULCE EN POLVO
0864,TAPA DE DULCE
0870,EDULCORANTES
0871,"SACARINA, CRISTALOSA Y OTROS SUSTITUTOS DEL AZUCAR"
0880,JALEA O MERMELADA DE FRUTAS
0881,JALEA O MERMELADA DE FRUTAS DIETETICA
0882,"MELAZA O MIEL DE CHIVERRE, MIEL DE AYOTE"
0883,MIEL DE ABEJA
0884,MIEL O SIROPE DE MAPLE
0885,MIEL DE TAPA DULCE LIQUIDA
0887,"SIROPES DE CHOCOLATE, FRESA O CARAMELO PARA POSTRES"
0888,"SIROPES DE SABORES (ROJO, VERDE, NARANJA, MORADO, AMARETTO, ETC.)"
0889,SIROPES DE SABORES O MAPLE LIGH
0899,OTRAS MIELES O MERMELADAS
0900,ALGODON DE AZUCAR
0901,BOMBONES DE CHOCOLATE Y BOTONETAS
0902,CAJETAS (TORONJA RELLENA)
0903,"CARAMELOS, TURRONES SIN AZUCAR"
0904,"CARAMELOS, TURRONES Y MELCOCHAS"
0905,CHCLES SIN AZUCAR
0906,CHICLES (GOMA DE MASCAR)
0907,CHOCOLATES EN BARRA PARA DIABETICOS
0908,CHOCOLATES EN BARRA U OTRAS PRESENTACIONES
0909,"CONFITES, CHUPAS O POPIS, GOMITAS"
0910,CONFITILLOS PARA DECORAR
0911,FLAN DE CAJITA
0912,GELATINA EN POLVO
0913,GELATINA LIGHT EN POLVO
0914,GELATINA SIN SABOR (POLVO O LAMINA)
0915,LUSTRE DE CHOCOLATE
0917,MARSHMALLOWS
0918,NUTELLA
0919,"PUDIN DE VAINILLA, LIMON O CHOCOLATE EN POLVO"
0920,SNACKS DULCES A BASE DE MAIZ
0921,SUSPIROS
0929,OTRAS GOLOSINAS O PREPARADOS PARA POSTRES
0931,ACHIOTE (EN PASTA)
0932,AJINO MOTO
0933,AJO EN PASTA
0934,AJO EN POLVO
0935,ALBAHACA PROCESADA
0936,ANIS DE ESTRELLA
0937,APIO EN SEMILLAS
0938,AZAFRAN
0939,BICARBONATO DE SODIO
0940,CANELA
0942,CEBOLLA EN POLVO
0943,"CHILE EN POLVO, PAPRIKA O PIMENTON"
0944,CLAVO DE OLOR
0945,"COLORANTE (AMARILLO, ROJO, VERDE VEGETAL)"
0946,COMINO
0947,CONDIMENTO MIXTO O BOMBA
0948,CONSOME O CUBITOS
0949,CREMOR TARTARO
0950,CULANTRO MOLIDO
0951,CURCUMA
0952,CURRY EN POLVO
0953,EMPANIZADOR DE PESCADO
0954,EMPANIZADOR DE POLLO
0955,EMPANIZADOR PARA TEMPURA
0957,ESENCIAS CULINARIAS
0958,"ESPIRITU DE ANIS, MENTA, CANELA, ETC."
0960,JAMAICA EN SEMILLAS O MOLIDA
0961,JENGIBRE
0962,LAUREL
0963,LEVADURA
0966,NUEZ MOSCADA
0967,OREGANO PROCESADO
0968,PEREJIL EN POLVO
0969,PIMIENTA BLANCA
0970,PIMIENTA NEGRA (ENTERA Y EN POLVO)
0971,PIMIENTA ROJA O CAYENA
0972,POLVOS PARA HORNEAR
0973,ROMERO PROCESADO
0974,ROSA DE JAMAICA
0975,SAL FINA O GRUESA
0976,SAL MARINA
0977,SAZONADOR COMPLETO
0979,TOMILLO PROCESADO
0980,VAINILLA
0982,"PASTILLA, LIQUIDO O CUAJO PARA CORTAR EL QUESO"
0989,OTROS CONDIMENTOS Y SIMILARES
0990,ADEREZO FRANCES
0991,ADEREZO ITALIANO
0992,ADEREZO MOSTAZA MIEL
0993,ADEREZO PARA SANDWICH CON PEPINILLOS
0994,"ADEREZO RANCH, CESAR, MIL ISLAS"
0995,ADEREZO PARA ENSALADA LIGHT
0996,MOSTAZA COMERCIAL
0997,PASTAS DE TOMATE
0998,SALSA A LA BARBACOA
1000,SALSA AL PESTO
1001,SALSA BLANCA
1002,SALSA CON TROZOS DE TOMATE
1003,SALSA DE OSTION
1004,SALSA CHINA O DE SOYA
1006,SALSA DE TOMATE
1007,"SALSA INGLESA, SALSA DE VEGETALES"
1008,SALSA INGLESA LIGH O REDUCIDA EN SAL
1009,SALSA PICANTE Y TABASCO
1010,SALSA ROSADA
1011,SALSA TERIYAKI
1012,SALSAS PARA CARNES
1013,VINAGRE BALSAMICO
1014,"VINAGRE BLANCO U OSCURO (DE ARROZ, SINTETICO)"
1015,VINAGRES FRUTALES
1029,OTROS ADEREZOS O SALSAS
1030,CREMAS DESHIDRATADAS
1031,CREMAS PREPARADAS ENVASADAS
1033,SOPA DE POLLO O PESCADO DESHIDRATADA
1034,SOPA DE RES O FRIJOLES DESHIDRATADA
1036,SOPAS DE MICROONDAS (CON FIDEOS)
1037,SOPAS PREPARADAS ENVASADAS
1049,OTRAS SOPAS O CREMAS
1050,CHICHARRONES TOSTADOS
1051,PALOMITAS DE MAIZ PREPARADAS
1052,PAPAS TOSTADAS
1053,PLATANITOS Y YUQUITAS TOSTADAS
1054,SNACKS DE MAIZ SABOR A QUESO
1055,"TORTILLAS TOSTADAS (PARA CHALUPAS, TACOS SIN CARNE)"
1056,TOSTADAS DE MAIZ CONDIMENTADAS
1069,OTROS BOCADILLOS O SNACKS
1070,BURRITOS CONGELADOS
1072,TACOS Y FLAUTAS LISTOS PARA FREIR
1080,AVENA
1081,CAFE DESCAFEINADO
1082,CAFE EN GRANO
1083,CAFE INSTANTANEO O SOLUBLE
1084,CAFE MOLIDO
1085,CAFE MOLIDO SABORIZADO
1086,CEBADA
1087,CREMA PARA CAFE
1088,CREMA PARA CAFE LIGHT
1089,CREMA PARA FRESCO
1090,COCOA
1091,HORCHATA O PINOLILLO
1092,MEZCLAS PARA BEBIDAS ARTIFICIALES SIN AZUCAR
1093,MEZCLA PARA BEBIDAS
1094,TE DE HIERBAS (MANZANILLA) Y DE FRUTAS EN BOLSITAS
1095,TE NEGRO EN BOLSITAS
1099,OTROS TIPOS DE PRODUCTOS PARA BEBIDAS
1100,HIELO
1101,"AGUA CARBONATADA (QUINADA, SODA) O SABORIZADA"
1102,AGUA DE PIPA
1103,AGUA DULCE
1104,AGUA ENVASADA
1105,BATIDOS CON HELADO O MILK SHAKES
1106,BATIDOS DE FRUTAS Y VEGETALES
1107,BEBIDAS GASEOSAS DIETETICAS ENVASADAS
1108,BEBIDAS GASEOSAS DIETETICAS SERVIDAS
1109,BEBIDAS GASEOSAS REGULARES ENVASADAS
1110,BEBIDAS GASEOSAS REGULARES SERVIDAS
1111,BEBIDAS ENERGETICAS DIETETICAS
1112,BEBIDAS ENERGETICAS
1113,BEBIDAS DE MALTA
1114,BEBIDAS HIDRATANTES
1115,CAFE EXPRESO
1116,CAFES FRIOS GOURMET
1117,CAFE O TE CON LECHE Y CAPUCHINO
1118,CAFE O TE NEGRO
1119,CHOCOLATE LIQUIDO CALIENTE
1120,FRESCO EN AGUA CON AZUCAR SERVIDO
1121,FRESCO EN AGUA SIN AZUCAR O CON EDULCORANTE SERVIDOS
1122,"FRESCO EN LECHE SERVIDO (PINOLILLO, HORCHATA, CREMA RESBALADERA)"
1123,JUGOS DE FRUTAS SERVIDOS
1124,JUGO DE VEGETALES (TOMATE)
1125,LECHE SABORIZADA CORRIENTE O DELACTOSADA
1126,"NECTAR, TE O JUGOS DE FRUTAS EMPACADOS"
1127,"NECTAR, TE O JUGOS DE FRUTAS LIGHT EMPACADOS"
1128,LECHE SERVIDA (VASO DE LECHE)
1139,OTRAS BEBIDAS NO ALCOHOLICAS
1140,CERVEZA DE BARRIL O CRUDA SERVIDA
1141,CERVEZA LIGHT O DIETETICA ENVASADA
1142,CERVEZA REGULAR ENVASADA
1143,CERVEZA SIN ALCOHOL ENVASADA
1145,COCTELES ENVASADOS
1146,"COCTELES SERVIDOS (PIÑA COLADA, ETC.)"
1147,CREMAS DE LICOR ENVASADAS
1148,"CREMAS DE LICOR SERVIDAS (BAILEYS , AMARULA, CREMA DE CAFE, SHERIDANS)"
1149,GUARO O AGUA ARDIENTE ENVASADO
1150,GUARO O AGUA ARDIENTE SERVIDO
1152,LICORES DIGESTIVOS Y OTROS LICORES DE SABORES SERVIDOS
1153,RON CORRIENTE O DE COCO ENVASADO
1154,RON CORRIENTE O DE COCO SERVIDO
1155,TEQUILA ENVASADO
1156,TEQUILA SERVIDO
1157,VINO ENVASADO
1158,VINO SERVIDO
1159,VODKA ENVASADO
1160,VODKA SERVIDO
1161,SIDRA
1162,WHISKY ENVASADO
1163,WHISKY SERVIDO
1169,"OTROS LICORES O AGUA ARDIENTES (JEREZ, BRANDI, GINEBRA, COGNAC)"
1170,ENSALADAS CON POLLO O CARNE
1171,"ENSALADAS HARINOSAS (PAPA, RUSA, CARACOLITOS, CEVICHE DE PLATANO)"
1172,ENSALADA VERDE O DE PALMITO
1179,OTRAS ENSALADAS
1180,ARREGLADOS Y EMPANADAS ARREGLADAS
1182,EMPAREDADOS CON CARNE (MANO DE PIEDRA)
1183,EMPAREDADOS DE JAMON Y QUESO
1184,EMPAREDADOS CON POLLO O ATUN
1185,TOSTADAS O PAN CON JALEA
1186,TOSTADAS O PAN CON MANTEQUILLA
1199,OTROS EMPAREDADOS
1200,AREPAS Y PANCAKES CON MIEL
1201,GALLO DE TORTILLAS CON QUESO
1202,GALLO PINTO CON CARNE
1203,GALLO PINTO CON HUEVO
1204,GALLO PINTO CON NATILLA
1205,GALLO PINTO CON QUESO
1206,GALLO PINTO SOLO
1207,HUEVO FRITO
1208,"HUEVOS REVUELTOS, TORTA DE HUEVO"
1209,OMELETTE CON JAMON Y QUESO
1210,PAN CON NATILLA O QUESO CREMA
1211,PAN CON QUESO
1212,TORTILLAS CON NATILLA O QUESO CREMA
1213,TORTILLAS DE QUESO PALMEADAS
1219,OTROS TIPOS DE DESAYUNOS
1220,ALAS DE POLLO A LA BBQ O FRITAS
1221,ARROZ CON POLLO
1222,"ARROZ PREPARADO (CANTONES, CON CAMARONES, ETC.)"
1223,"CASADO CON CARNE DE RES: BISTEC, CARNE MECHADA, HIGADO ETC. (PLATO EJECUTIVO)"
1224,CASADO CON CHULETA O DE CERDO (PLATO EJECUTIVO)
1225,CASADO CON PESCADO (PLATO EJECUTIVO)
1226,CASADO CON POLLO (PLATO EJECUTIVO)
1227,CEVICHE DE PESCADO O MARISCOS
1228,CHILES RELLENOS
1229,CHOP SUEY O CHOW MEIN
1230,COSTILLAS Y CHICHARRONES SERVIDOS
1231,"CREPAS SALADAS (POLLO, JAMON, ETC.)"
1232,CORTES DE CARNE ARGENTINOS
1233,ELOTE COCINADO CON MARGARINA
1234,ENYUCADOS
1235,ESCABECHE - VINAGRETA
1236,ESPAGUETIS PREPARADOS
1237,FRITO
1238,"GALLOS DE CARNE, PINCHOS DE RES, FAJITAS DE RES (TORTAS DE CARNE), BISTEC, CARNE EN SALSA, TORTAS DE CARNE"
1239,"GALLOS DE POLLO, PINCHOS DE POLLO, FAJITAS DE POLLO, FILET A LA PLANCLA, POLLO EN SALSA"
1240,GALLOS DE SALCHICHON O CHORIZO
1241,"GALLOS O PLATOS DE PICADILLO (ARRACACHE, PLATANO, PAPAYA, CHAYOTE, PAPA, ETC.)"
1242,"GARBANZOS, FRIJOLES O LENTEJAS CON CARNE"
1243,"LASAÑA, CANELONES O RAVIOLES SERVIDOS"
1244,OLLA DE CARNE
1245,ORDEN DE ARROZ
1246,ORDEN DE FRIJOLES ENTEROS
1247,ORDEN DE FRIJOLES MOLIDOS
1248,ORDEN DE GUACAMOLE
1249,ORDEN DE VERDURAS
1250,ORDEN DE YUCAS FRITAS
1251,PAPAS RELLENAS
1252,"PASTELES CON POLLO, CARNE, PALMITO, ETC. (PLATO FUERTE)"
1253,PLATANOS MADUROS COCINADOS
1254,PLATILLOS VEGETARIANOS
1255,PLATO SURTIDO (CARNE Y VEGETALES)
1256,POZOL Y ARROZ DE MAIZ
1257,PURE DE PAPA
1258,RICE AND BEANS CON RONDON DE POLLO
1259,SOPA AZTECA
1260,SOPA NEGRA O CALDO DE FRIJOL CON HUEVO
1261,"SOPAS DE MARISCOS, POLLO, ALBONDIGAS, ETC."
1262,SUSHI
1263,"TAMALES (CERDO, POLLO, FRIJOLES)"
1264,VIGORON
1265,MARISCADA
1279,OTROS TIPOS DE ALMUERZOS O CENAS
1280,AROS DE CEBOLLA
1281,BURRITOS
1282,CALZONE
1283,CHALUPAS
1284,CHIFRIJO
1285,CHORREADAS
1286,DADOS O BUÑUELOS DE QUESO
1287,DORADITAS
1288,"EMPANADAS DE MASA, DE CARNE, POLLO, QUESO, FRIJOLES O PAPA"
1289,FOCACCIA
1290,HAMBURGUESA
1291,NACHOS
1292,NUGGETS DE POLLO
1293,PAPAS FRITAS A LA FRANCESA Y PAPA RAYADA (HASH BROWNS)
1294,PATACONES (PLATANOS VERDES FRITOS)
1295,PATTI
1296,PERRO CALIENTE
1297,PIZZA
1298,PLANTINTA
1299,POLLO ASADO
1300,POLLO FRITO
1301,PRENSADAS
1302,"PUPUSAS DE QUESO, FRIJOL, ETC."
1303,"QUESADILLA O GRINGAS DE POLLO, CON CARNE O QUESO"
1304,SALCHIPAPAS
1305,TACOS O FLAUTAS
1306,WANTAG PREPARADO
1307,WRAPS
1308,OTRAS MERIENDAS O REFRIGERIOS
1309,OTRAS COMIDAS RAPIDAS
1310,ARROZ CON LECHE
1311,ATOL
1312,CHEESE CAKE
1313,CREPAS DULCES
1314,ENSALADA DE FRUTAS
1315,FLAN Y MOUSSE PREPARADOS
1316,GELATINA PREPARADA
1317,PIE DE LIMON PREPARADO
1318,PUDIN O TAPIOCA PREPARADO
1319,TRES LECHES
1321,BREADSTICKS
1322,"DEDOS DE PESCADO, FILET DE PESCADO, PESCADO ENTERO"
1323,CAMARONES AL AJILLO
1329,OTROS TIPOS DE POSTRES
1330,CIGARRILLOS
1331,COCAINA Y SU DERIVADOS
1332,MARIHUANA
1349,OTROS PRODUCTOS DE TABACO U ESTUPEFACIENTES
1350,AGUA OXIGENADA
1351,ALCOHOL
1352,ALGODON
1353,ANALGESICO COMUN
1354,ANTIACIDO COMUN
1355,"ANTICONCEPTIVOS MECANICOS PARA HUMANOS (PRESERVATIVOS MASCULINOS Y FEMENINO, DIU Y DIAFRAGMA)"
1356,ANTIGRIPAL/ANTIHISTAMINICO COMUN
1357,ANTISOMNIFERO
1358,COMPRESA DE GEL
1359,CURITA
1360,ESPARADRAPO
1361,GASAS ESTERILES
1362,"GOTAS OTICAS, OFTALMICAS Y OTRAS SIMILARES DE VENTA SIN PRESCRIPCION MEDICA"
1363,GUANTES ESTERILES DE LATEX U OTROS MATERIALES
1364,JERINGA Y AGUJA
1365,LAXANTE COMUN
1366,PASTILLA CONTRA EL VOMITO
1367,PLANTA MEDICINAL
1369,PRUEBA DE EMBARAZO
1370,TERMOMETRO
1371,UNGÜENTO
1372,VENDAS ADHESIVAS O NO ADHESIVAS (PARCHES O CALLICIDAS ADHESIVOS)
1373,YODO
1375,OTROS PRODUCTOS MEDICOS
1376,ALCOHOL EN GEL
1377,APLICADORES
1378,CEPILLO DE DIENTES
1380,CHAMPU
1381,CHAMPU 2 EN 1
1382,DESODORANTE PERSONAL
1383,ENJUAGUE BUCAL
1384,ESPONJA DE BAÑO
1385,"ESPUMA, CREMA Y JABON PARA AFEITAR"
1386,GEL DE BAÑO
1387,HILO DENTAL
1388,JABON DE BAÑO
1389,JABON LIQUIDO PARA MANOS
1390,PAÑAL DESECHABLE
1391,PAÑUELOS HIGIENICOS
1392,PAÑUELOS O TOALLITAS FACIALES
1393,PAPEL HIGIENICO
1394,PASTA DE DIENTES
1396,PROTECTORES DIARIOS
1397,RINSE (ACONDICIONADOR)
1398,TALCO
1399,TAMPONES
1400,TOALLAS SANITARIAS Y TAMPONES
1401,TOALLITAS HUMEDAS
1402,PROTECTOR PARA PEZONES
1404,PIEDRA POMES
1405,RASURADORA DESECHABLE O PRESTOBARBA NO ELECTRICA
1406,NAVAJILLA Y REPUESTOS DE MAQUINAS NO ELECTRICAS PARA AFEITAR
1409,OTROS ARTICULOS PARA EL CUIDADO PERSONAL
1410,ABRILLANTADOR
1411,"ACEITE TIPO 3 EN 1 (PARA PUERTAS Y MAQUINAS DE COSER, ETC.)"
1412,ALAMBRINA
1413,NAFTALINA
1414,ARRANCAGRASA
1415,BATERIAS (PILAS)
1416,BETUN
1417,BLANQUEADOR PARA ROPA
1418,BOLSAS PLASTICAS
1419,"BOMBILLA, REPUESTO PARA FOCO"
1420,BOMBILLO ELECTRICO CORRIENTE
1421,BOMBILLO FLUORESCENTE EN ESPIRAL
1422,BRILLO
1423,CANDELAS
1424,CAPSULAS PARA QUEQUES O MUFFINS
1425,CARBOLINA
1426,CEPILLO PARA RESTREGAR
1427,CEPILLO PARA ZAPATOS
1428,CERA
1429,CLORO
1430,CORTINA PARA BAÑO DE PLASTICO
1431,DESATORADOR PARA FREGADEROS
1432,DESINFECTANTE
1433,DESODORANTE AMBIENTAL (AROMATICO)
1434,DETERGENTE EN POLVO O LIQUIDO
1435,ESCOBA
1436,ESCOBITA PARA SACUDIR
1437,ESCOBON
1438,ESPIRAL CONTRA ZANCUDOS
1439,ESPONJA PARA LIMPIEZA DEL HOGAR
1440,EXTINTOR DE FUEGO
1441,FILTROS DE PAPEL PARA CAFE
1442,FOSFOROS
1443,FUNGICIDA E INSECTICIDA
1444,GANCHOS PARA COLGAR CUADROS U OTROS OBJETOS
1445,GANCHOS PARA COLGAR ROPA
1446,GUANTES PARA LIMPIEZA
1447,HISOPO
1448,HUMIDIFICADOR O DESHUMIFICADOR AMBIENTALES NO ELECTRICOS
1449,INCIENSOS
1450,INDIVIDUALES DE PLASTICO
1451,INSECTICIDAS
1452,JABON PARA PLATOS
1453,JABON PARA ROPA
1454,LIMPIADOR MULTIUSO
1455,LIMPION Y PAÑO DE COCINA
1456,MANTEL DE PLASTICO
1457,MATAMOSCAS
1458,MECATE PARA TENDER
1459,CUERDA DE NYLON
1460,MECHAS Y PAÑO O TRAPO PARA LIMPIAR PISOS
1461,PAJILLAS
1462,PALA PARA BASURA
1463,PALO O GANCHO PARA LIMPIAR PISOS
1464,PAPEL ALUMINIO
1465,PAPEL ENCERADO
1466,PAPEL PLASTICO
1467,PLAQUITAS ELECTRICAS
1469,POTASA Y OTROS DESTAQUE ADORES
1470,PRENSAS PARA ROPA
1471,"QUITAMANCHAS (LIQUIDO, POLVO, GEL)"
1472,RATICIDA
1473,RATONERA
1474,SACOS
1475,SERVILLETA DE PAPEL
1476,SUAVIZANTE PARA ROPA
1477,TINTE PARA ROPA Y TEJIDOS DEL HOGAR
1478,TOALLAS DE PAPEL
1480,VAJILLA DESECHABLE
1485,OTROS BIENES PARA EL CUIDADO DEL HOGAR
1486,"ACCESORIOS PARA EL CABELLO (PRENSAS, COLAS, DIADEMAS, BINCHAS)"
1487,AGUJAS DE COSER (DE MANO Y DE MAQUINA)
1490,ANILLO DE FANTASIA Y OTROS MATERIALES
1491,ARETES DE FANTASIA Y OTROS MATERIALES
1492,BARRAS DE SILICON
1493,BOLSA DE REGALO
1494,BOTONES
1495,BRAZALETE DE FANTASIA Y OTROS MATERIALES
1496,BROCHES DE PRESION Y DE CABEZA
1497,CADENA DE FANTASIA Y OTROS MATERIALES
1498,CINTA ADHESIVA
1499,"CINTA DE RUEDO, VIVO, CABALLITO, CORDON, ETC."
1501,DIJE DE FANTASIA Y OTROS MATERIALES
1502,ELASTICO
1504,ESCLAVA O PULSERA DE FANTASIA Y OTROS MATERIALES
1506,FOAM
1507,GACILLA
1508,GARGANTILLA DE FANTASIA Y OTROS MATERIALES
1510,GOMA DE SILICON FRIO
1511,HILO (DE COSER Y DE TEJER)
1512,JUEGO DE BISUTERIA O FANTASIA PARA MUJER
1514,LANA
1515,LAZOS O CINTA PARA LAZOS PARA REGALOS
1518,PAPEL DE REGALO
1524,TIJERA PARA CORTAR TELA
1525,ZIPPER
1530,"OTROS ARTICULOS DE PASAMANERIA, BAZAR O BISUTERIA"
1531,BOLETAS DE ESTACIONAMIENTO (PARQUIMETROS)
1532,DIESEL
1533,GAS LICUADO EMPLEADO PARA AUTOMÓVILES Y OTROS MEDIOS DE TRANSPORTE
1534,GASOLINA REGULAR
1535,GASOLINA SUPER
1536,GASOLINA PLUS
1537,PAGO DE PARQUEO PUBLICO Y CUIDADORES DE CARROS
1538,PEAJE
1540,TRANSPORTE REGULAR COLECTIVO (TAXIS O CARROS PRIVADOS Y TAXI PIRATA)
1541,TRANSPORTE REGULAR EN FERRY
1542,TRANSPORTE REGULAR EN LANCHA
1543,TRANSPORTE REGULAR EN TREN
1544,TRANSPORTE REGULAR BUS O MICROBUS ENTRE PROVINCIAS
1545,TRANSPORTE REGULAR PRIVADO EN TAXI
1546,TRANSPORTE REGULAR EN BUS DENTRO DE LA MISMA PROVINCIA
1547,TRANSPORTE REGULAR EN BUS DEL EXTERIOR
1548,SERVICIO EXPRESS (EXCLUSIVO TRANSPORTE)
1549,OTROS GASTOS DE TRANSPORTE REGULAR
1552,ALQUILER DE PELICULAS
1555,CASINO
1557,ENTRADA A CENTROS DE RECREO
1558,ENTRADA A PISCINAS
1559,ENTRADA A PISTAS DE PATINAJE
1561,"PAGO POR USO DE INSTALACIONES DEPORTIVAS (BOLICHE, GOLF, TENIS, SQUASH), CANCHAS SINTETICAS Y SIMILARES"
1562,"PAGO POR USO DE MESA DE BILLAR, POOL, FUTBOLIN"
1564,"PAGO POR USO DEL VIDEOJUEGOS, JUEGOS ELECTRONICOS Y SIMILARES"
1565,PERIODICOS SIN SUSCRIPCION
1567,"REVISTA SIN SUSCRIPCION (DEPORTES, ECOLOGICAS, ESPECTACULOS, MANUALIDADES, ANIME, ETC.)"
1569,SEMANARIO SIN SUSCRIPCION
1573,OTROS GASTOS EN SERVICIOS CULTURALES Y RECREATIVOS (DÍA DE JEANS U OTROS)
1580,COMPRA DE TARJETA DE TELEFONO
1581,"LLAMADA EN TELEFONOS PUBLICOS, HOTELES, CAFES, RESTAURANTES Y OTROS"
1582,PAGO POR USO DEL SERVICIO DE INTERNET EN CAFE INTERNET O SIMILARES
1583,"RECARGA CELULAR (PARA TELEFONIA, INTERNET O SERVICIO BLACKBERRY)"
1584,DATA CARD PREPAGO (SERVICIO)
1586,"ALIMENTO, GALLETAS, HUESO COMESTIBLE Y OTROS, PARA ANIMALES"
1587,CHISPA (PARA PARRILLADAS)
1588,RAMO DE FLORES Y ARREGLOS FLORALES ( CON EL SERVICIO DE ENVIO)
1589,PAGO POR FOTOCOPIAS Y REPRODUCCIONES DE DOCUMENTOS
1590,PALILLO DE DIENTES Y PINCHOS
1592,"ALQUILER DE CARRITOS O TRENES PARA NIÑA O NIÑO (MALL, SUPERMERCADO, ETC.)"
1594,CARBON
1599,"OTROS PAGOS (USO DE SERVICIO SANITARIO, ETC.)"
1600,ALQUILER DE COCHERA
1601,ALQUILER DE O PENSION UTILIZADOS COMO RESIDENCIA PRINCIPAL
1602,ALQUILER DE LA VIVIENDA QUE OCUPA EL HOGAR
1603,ALQUILER DE OTRA VIVIENDA PARA VACACIONAR O PARA RECREACION (SEGUNDAS RESIDENCIAS)
1604,ALQUILER PAGADO POR VIVIENDAS QUE SON OCUPADAS POR OTROS HOGARES
1609,OTRO TIPO DE ALQUILER
1610,CUOTAS PARA LIMPIEZA DE ZONAS VERDES Y JARDINES DE AREAS COMUNES
1611,CUOTAS PARA MANTENIMIENTO DE CONDOMINIOS
1612,"SERVICIO DE VIGILANCIA (GUARDAS, ADT, ETC.)"
1613,SERVICIO PRIVADO DE RECOLECCION DE BASURA
1614,ALQUILER PARQUEOS MENSUALES
1615,ALQUILER DE LA VIVIENDA QUE OCUPA EL HOGAR (INCLUYE UN SERVICIO)
1629,OTROS GASTOS O CUOTAS PARA LA VIVIENDA
1630,INSTALACION O RECONEXION DEL MEDIDOR DE ELECTRICIDAD
1631,ELECTRICIDAD
1632,CILINDROS PARA GAS LICUADO
1633,RECARGA DE GAS LICUADO (DE COCINA)
1634,CANFIN
1635,CARBON
1636,LEÑA
1649,OTROS COMBUSTIBLES
1650,INSTALACION O RECONEXION DE MEDIDOR DE AGUA
1651,SUMINISTRO DE AGUA Y ALCANTARILLADO
1652,SUMINISTRO DE AGUA DE POZO
1659,OTROS SERVICIOS DE AGUA Y ALCANTARILLO
1660,IMPUESTO TERRITORIAL (BIENES INMUEBLES)
1661,"SERVICIOS PUBLICOS MUNICIPALES (RECOLECCION Y TRATAMIENTO DE BASURA, ALCANTARILLAS, PARQUES Y CARRETERAS MUNICIPALES)"
1669,OTROS PAGOS POR SERVICIOS MUNICIPALES
1671,ENVIO DE CARTAS Y POSTALES
1673,ENVIO DE PAQUETES O ENCOMIENDAS
1675,INSTALACION O RECONEXION A INTERNET
1676,INSTALACION O RECONEXION DE LINEA TELEFONICA RESIDENCIAL
1677,PAGO POR ACARREO DE MERCADERIA (RECEPCION DE PAQUETES O DOCUMENTOS)
1679,PAGOS POR AFILIACION A BUZON DE CORREO Y PAQUETERIA
1680,SERVICIO DE INTERNET RESIDENCIAL
1681,SERVICIO TELEFONICO RESIDENCIAL DEL HOGAR
1683,TARIFA TRIPLE PLAY
1684,TARIFAS DE TELEVISION POR CABLE
1685,TARIFAS DE TELEVISION POR SATELITE
1687,"SUBSCRIPCIONES POR INTERNET (PELICULAS, MUSICA, ETC)"
1700,DATA CARD CON PLAN
1705,INSTALACION O RECONEXION DE LINEA TELEFONICA CELULAR
1708,SERVICIO TELEFONICO CELULAR POSPAGO CON PLAN
1709,SERVICIO TELEFONICO CELULAR POSPAGO SIN PLAN
1711,SERVICIO TELEF CELULAR POSPAGO CON PLAN (NO INCLUYE TELEFONO)
1712,SERVICIO INTERNET Y CABLE (DOBLE PLAY)
1713,SERVICIO INTERNET Y TELEFONO (DOBLE PLAY)
1714,SERVICIO DE CABLE Y TELEFONO (DOBLE PLAY)
1715,"PELICULAS, SERIES, NOVELAS, VIDEOS EN FORMATO DIGITAL (DESCARGA)"
1730,CUIDADO DE NIÑOS (AS) U OTROS MIEMBROS DEL HOGAR
1731,EMPLEADA (O) DOMESTICA (O)
1732,LABORES DE JARDINERIA (JARDINERO)
1733,"LABORES VARIAS DEL HOGAR (LAVAR, PLANCHAR, COCINAR, LIMPIAR, ETC.)"
1736,SOLO LAVAR ROPA (LAVANDERA (O))
1738,SOLO PLANCHAR (PLANCHADOR (A))
1749,OTROS SERVICIOS DOMESTICOS
1751,"LAVADO O LIMPIEZA DE TEJIDOS DEL HOGAR (COBIJAS, CORTINAS, MANTELES, SABANAS, ETC.)"
1752,LAVADO O LIMPIEZA DE PRENDAS DE VESTIR
1754,TINTE DE PRENDAS DE VESTIR
1771,ENFERMEROS PARA CUIDADO DE PACIENTES EN EL HOGAR
1779,OTROS SERVICIOS PARA LOS MIEMBROS DEL HOGAR
1780,"ALQUILER DE EQUIPO GRANDE PARA DEPORTE Y RECREACION (CABALLO, BOTE, ETC.)"
1782,CUOTA DEL GIMNASIO
1783,ENTRADA A REDONDEL DE TOROS
1784,ENTRADA A PARQUE DE DIVERSIONES
1785,ENTRADA A CIRCOS
1786,ENTRADA A CONCIERTO
1787,"ENTRADA A DISCOTECAS, CLUBES NOCTURNOS, BAILES, ESPECTACULOS DE LUZ Y SONIDO Y OTROS"
1788,ENTRADA A GALERIAS DE ARTE Y EXPOSICIONES
1789,"ENTRADA A PARQUES NACIONALES, MUSEOS, RESERVAS BIOLOGICAS, ETC."
1790,"ENTRADA A TEATRO, TEATRO DE OPERA"
1791,"ENTRADA A ZOOLOGICOS Y JARDINES BOTANICOS, ACUARIOS, SERPENTARIOS, Y SIMILARES"
1792,ENTRADA AL CINE
1793,"ENTRADA POR PARTCIPAR EN MARATONES, CARRERAS, CAMINATAS Y TRIATLON"
1796,INSCRICION Y ENTRADA A COMPETENCIAS DE NATACION
1799,INSCRICION Y ENTRADA A TOPES Y CARRERAS DE CINTAS U OTRAS DE CABALLOS
1801,MENSUALIDAD E INSCRIPCION DE CLUBES RECREATIVOS
1803,OTROS GASTOS EN SERVICIOS CULTURALES
1809,"OTROS GASTOS EN SERVICIOS RECREATIVOS, DEPORTIVOS Y CULTURALES"
1819,"ENTRADA A OTRAS ACTIVIDADES DEPORTIVAS (GIMNASIA, BASKETBALL, OTROS)"
1829,ENTRADAS POR PARTICIPAR EN OTROS PASATIEMPOS
1830,SUSCRIPCION A PERIODICO
1831,SUSCRIPCION A REVISTA
1833,MEMBRESIA DE TARJETAS NO FINANCIERAS
1840,ALBERGUE DE ANCIANOS CON ALOJAMIENTO
1841,ALBERGUE DE ANCIANOS SIN ALOJAMIENTO
1844,"CASA CUNA, HOGAR DE RECREO U OTRAS INSTALACIONES PARA EL CUIDADO DE LOS NIÑOS"
1845,CUIDADO DE NIÑOS EN OTRO HOGAR
1846,GUARDERIA Y CENTROS INFANTILES
1860,MENSUALIDAD EDUCACION PRIMARIA
1861,MENSUALIDAD EDUCACION SECUNDARIA
1862,MENSUALIDAD MATERNAL
1863,"MENSUALIDAD PREKINDER, KINDER Y PREPARATORIA"
1864,MATRICULA DE EDUCACION PRIMARIA
1865,MATRICULA DE EDUCACION SECUNDARIA
1866,MATRICULA DE MATERNAL
1867,"MATRICULA DE PREKINDER, KINDER Y PREPARATORIA"
1868,CLASES O TUTORIAS PARTICULARES PARA PRIMARIA Y SECUNDARIA
1869,"CUOTA PARA ACTIVIDADES (GRADUACION, FIESTAS, ETC.) PARA PRIMARIA Y SECUNDARIA"
1870,CUOTA PARA COMEDOR ESCOLAR
1871,CUOTA PARA MATERIALES PARA PRIMARIA Y SECUNDARIA
1872,INSIGNIAS ESCOLARES Y COLEGIALES
1873,LIBRO DE TEXTO PARA PREPARATORIA
1874,LIBRO DE TEXTO PARA PRIMARIA
1875,LIBRO DE TEXTO PARA SECUNDARIA
1876,PATRONATO ESCOLAR
1877,TRANSPORTE ESCOLAR
1885,OTROS PAGOS DE MATRICULAS DE PRIMARIA Y SECUNDARIA
1889,OTROS GASTOS EN EDUCACION
1890,MATRICULA DE EDUCACION PARAUNIVERSITARIA O TECNICA
1891,MATRICULA DE EDUCACION UNIVERSITARIA DE GRADO
1892,MATRICULA DE EDUCACION UNIVERSITARIA DE POSGRADO
1893,CURSOS PARAUNIVERSITARIOS O TECNICOS
1894,CURSOS UNIVERSITARIOS
1895,CURSOS DE POSGRADO
1896,ANTOLOGIAS PARA UNIVERSIDAD Y PARAUNIVERSIDAD (FOTOCOPIAS)
1897,CLASES O TUTORIAS PARTICULARES PARA UNIVERSIDAD Y PARAUNIVERSIDAD
1898,COMPRA DE EQUIPO PARA ESTUDIANTES DE CARRERAS DE CIENCIAS DE LA SALUD
1899,COMPRA DE MATERIALES PARA ESTUDIANTES DE CARRERAS DE INGENIERIA Y ARQUITECTURA
1900,CUOTA PARA MATERIALES PARA UNIVERSIDAD Y PARAUNIVERSIDAD
1901,DERECHOS DE GRADUACION
1902,LIBRO DE TEXTO PARA UNIVERSIDAD Y PARAUNIVIERSIDAD
1903,PAGO POR AUTENTIFICACION DE CERTIFICADOS DE ESTUDIO
1904,PAGO POR DERECHOS DE EXAMEN
1909,OTROS PAGOS DE MATRICULAS DE UNIVERSIDAD Y PARAUNIVERSIDAD
1913,OTROS PAGOS DE CURSOS DE UNIVERSIDAD Y PARAUNIVERSIDAD
1919,OTROS GASTOS EN EDUCACION UNIVERSITARIA Y PARAUNIVERSITARIA
1921,AGENDA
1923,"BLOCK DE HOJAS BLANCAS, RAYADAS O DE COLORES"
1924,BORRADOR
1927,CARTUCHERAS O CAJAS PARA GUARDAR LAPICES
1928,CARTULINA
1929,CLIPS
1930,COMPAS
1931,CORRECTOR LIQUIDO Y DE CINTA
1932,CRAYOLA
1933,CUADERNO (CUALQUIER TIPO)
1934,ESTEREOFON
1935,"ETIQUETAS Y CARATULAS PARA PEGAR EN PAPEL, BLU RAY, CD, DVD U OTROS"
1936,FICHAS DE CARTULINA
1937,FOLDER Y CARPETAS
1938,GOMA EN BARRA
1939,GOMA LIQUIDA
1940,GRAPADORA
1941,GRAPAS
1942,GUILLOTINA
1943,"HOJAS BLANCAS, RAYADAS Y DE COLORES"
1944,JUEGO DE GEOMETRIA
1946,LAMINAS EDUCATIVAS
1947,LAPICERO
1948,LAPICES DE COLOR
1949,LAPIZ DE ESCRIBIR
1950,LIBRETA
1952,LIBROS DE EJERCICIOS
1953,LIENZOS
1954,MARCADOR FOSFORESCENTE
1955,MARCADORES PERMANENTES Y PARA PIZARRA (PILOTS)
1956,MINAS PARA LAPICES
1957,PAPEL CARBON
1960,PAPEL CONSTRUCCION
1961,PAPEL CREPE
1963,PAPEL DE IMPRIMIR FOTOGRAFIAS
1966,PAPEL PERIODICO
1967,PAPEL SATINADO
1968,PAPEL SEDA
1969,PAPELES AUTOADHESIVOS (POST IT)
1970,PAQUETES ESCOLARES
1971,PERFORADORAS DE PAPEL (SACABOCADOS)
1972,PINCELES
1973,"PINTURAS (ACRILICAS, TELA, ACEITE)"
1974,PIZARRA
1975,PLANIFICADOR MENSUAL
1976,PLASTICO PARA FORRAR
1977,PLASTICINA
1978,PLUMAS Y ESTILOGRAFICOS
1979,PORTAFOLIOS Y ROTAFOLIOS
1980,PORTAMINAS
1982,PRENSA PARA FOLDER
1983,REGLA
1985,SELLO
1986,SOBRES
1987,TAJADOR O MAQUINILLA
1988,TEMPERAS Y ACUARELAS
1989,TIJERA PARA CORTAR PAPEL
1990,TINTA CHINA
1991,TIZA
1992,MASKING-TAPE
1993,SEPARADORES DE PAGINAS (MARCADORES PARA LIBROS DE LECTURA)
1994,PORTA TARJETAS
1995,SOPLADOR PARA COMPUTADORA
1999,OTROS MATERIALES ESCOLARES Y DE OFICINA
2000,ALBUM DE FOTOS
2002,"CUOTAS PARA BAUTIZO, PRIMERA COMUNION, CONFIRMA O BODA"
2003,DICCIONARIO
2004,ENCICLOPEDIA
2006,LA BIBLIA
2007,"LIBROS NO ACADEMICOS (NOVELAS, LIBROS DE OFICIOS, CUENTOS, POESIA, ETC.)"
2008,LIBROS DE PINTAR
2009,AFICHES Y POSTERS
2010,CALENDARIOS
2011,"CATALOGOS DE PRENDAS, CUIDADO PERSONAL, ETC."
2012,MAPAS
2013,TARJETAS (TODA OCASION)
2019,OTROS MATERIALES IMPRESOS
2029,OTROS LIBROS
2031,"BLU RAY DE PELICULAS, NOVELAS U OTROS SIMILARES GRABADO"
2034,CD DE MUSICA
2035,"CD DE PELICULAS, NOVELAS U OTROS SIMILARES GRABADO"
2037,DVD DE VIDEO GRABADO
2038,"DVD DE PELICULAS, NOVELAS U OTROS SIMILARES GRABADO"
2051,LLAVE MAYA
2052,TARJETA DE MEMORIA PARA TELEFONOS O CAMARAS
2053,CD EN BLANCO (PARA GRABAR)
2054,DVD EN BLANCO (PARA GRABAR)
2069,OTROS MEDIOS PARA GRABACION
2070,CARTUCHOS DE TINTA O TONER PARA IMPRESORA
2079,OTROS ARTICULOS PARA IMPRIMIR
2080,ACEITE PARA NIÑO
2082,BASE DE MAQUILLAJE
2084,BROCHAS Y CEPILLOS PARA MAQUILLAR
2086,BLOQUEADOR Y BRONCEADOR SOLAR
2087,CEPILLO PARA PEINAR EL CABELLO
2088,COLONIA PARA BEBE Y NIÑOS (AS)
2089,CORRECTORES DE IMPERFECCIONES E ILUMINADORES FACIALES
2091,CREMA DE TRATAMIENTO FACIAL
2093,CREMA PARA BEBE
2094,CREMA PARA EL CABELLO
2095,CREMA PARA MANOS Y CUERPO
2097,DELINEADOR
2098,"DEPILACION, PRODUCTOS DE (CERA, CREMA, GEL , LOCION O PAPEL)"
2099,"DESMAQUILLANTE (EN CREMA, GEL U OTRA PRESENTACION)"
2100,ENCRESPADOR DE PESTAÑAS (RIMEL)
2101,ESMALTE PARA UÑAS
2102,ESTUCHE DE COSMETICOS
2103,EXFOLIANTE PARA LA PIEL
2104,"FIJADOR PARA CABELLO (GEL, ACEITE, LACA, ETC.)"
2105,GEL O CREMA TONIFICANTE CORPORAL
2106,GEL DE BAÑO
2107,"LAPIZ , BRILLO O PROTECTOR LABIAL"
2108,LENTES DE CONTACTO COSMETICOS (DE COLOR)
2109,LIMA PARA UÑAS
2110,LOCION PARA ANTES O DESPUES DE AFEITAR
2111,MASCARILLAS PARA EL CUTIS O GORRAS PARA EL CABELLO
2113,PEINE
2114,PERFUME O COLONIA
2115,PERMANENTE
2116,PINZA
2118,POLVOS FACIALES
2119,PROTECTOR LABIAL (CHAPSTICK O MANTECA DE CACAO)
2120,QUITA ESMALTE O ACETONA
2122,REMOVEDOR DE MAQUILLAJE
2123,REPELENTE
2124,RUBOR
2126,ROMANAS PERSONALES O PESABEBES
2127,SOMBRAS
2128,"TINTE PARA CABELLO (CHAMPU, CREMA, GEL, TINTE NATURAL, ETC.)"
2129,TIJERITAS PARA CORTAR UÑAS
2130,TONALIZANTE PARA EL CABELLO
2131,PRODUCTOS DE TRATAMIENTO FACIAL
2132,PRODUCTOS DE TRATAMIENTO PARA EL CABELLO
2133,PRODUCTOS DE TRATAMIENTO PARA UÑAS
2134,"UÑAS POSTIZAS (ACRILICAS O DE GEL, PORCELANA, GELATINA O RESINA ORGANICA)"
2135,VASELINA
2136,PESTAÑAS POSTIZAS
2149,OTROS PRODUCTOS PARA EL CUIDADO PERSONAL
2151,ALISET O TRATAMIENTO DE QUERATINA
2152,BLOWER PARA EL CABELLO
2155,CORTE DE CABELLO DE HOMBRE
2156,CORTE DE CABELLO DE MUJER
2157,DEPILACION
2158,LIMPIEZA FACIAL
2159,MANICURE
2160,MAQUILLAJE
2161,MASAJE NO TERAPEUTICO
2162,MECHAS
2163,PEDICURE
2164,PEINADO
2166,PLANCHADO DE CABELLO
2168,TATUADO DE CEJAS
2169,TEÑIDO DE CABELLO
2171,TATUAJE (TODO TIPO)
2173,CORTE DE BARBA
2174,CORTE DE CABELLO Y BARBA
2179,OTROS SERVICIOS PARA EL CUIDADO PERSONAL
2180,"ACEITE DE BACALAO, HIGADO DE MERO U OTROS SIMILARES"
2181,"ANTICONCEPTIVOS ORALES, INYECTABLES Y PARCHES PARA HUMANOS"
2183,ESTROGENOS (HORMONAS) PARA HUMANOS
2184,LIMPIADOR DE LENTES DE CONTACTO
2185,MEDICAMENTOS CONTRA ALERGIAS
2186,MEDICAMENTOS CONTRA ANEMIA
2187,MEDICAMENTOS CONTRA ARTRITIS
2188,"MEDICAMENTOS CONTRA ASMA (JARABES, PASTILLAS, INHALADORES)"
2189,MEDICAMENTOS CONTRA CANCER
2190,MEDICAMENTOS CONTRA COLESTEROL
2191,MEDICAMENTOS CONTRA COLICOS
2192,MEDICAMENTOS CONTRA COLITIS
2193,MEDICAMENTOS CONTRA CONGESTION NASAL
2194,MEDICAMENTOS CONTRA DIABETES
2195,MEDICAMENTOS CONTRA DIARREA
2196,MEDICAMENTOS CONTRA DOLOR (ANALGESICOS)
2197,MEDICAMENTOS CONTRA ESTREÑIMIENTO
2198,MEDICAMENTOS CONTRA FIEBRE
2199,MEDICAMENTOS CONTRA GASTRITIS
2200,MEDICAMENTOS CONTRA GRIPE
2201,MEDICAMENTOS CONTRA INFECCION (ANTIBIOTICOS)
2202,MEDICAMENTOS CONTRA INFLAMACION
2203,MEDICAMENTOS CONTRA MAL DE PARKINSON
2204,MEDICAMENTOS CONTRA MIGRAÑA
2205,"MEDICAMENTOS CONTRA NERVIOS, ANSIEDAD, ESTRES O DEPRESION"
2207,MEDICAMENTOS CONTRA OSTEOPOROSIS
2208,MEDICAMENTOS CONTRA PADECIMIENTO EN LA PROSTATA
2209,MEDICAMENTOS CONTRA PADECIMIENTO EN LA VEJIGA
2210,MEDICAMENTOS CONTRA PARASITOS
2211,MEDICAMENTOS CONTRA PRESION ARTERIAL ALTA
2212,MEDICAMENTOS CONTRA PROBLEMAS CEREBRALES
2213,MEDICAMENTOS CONTRA PROBLEMAS CIRCULATORIOS
2214,MEDICAMENTOS CONTRA PROBLEMAS DE ESPALDA
2215,MEDICAMENTOS CONTRA PROBLEMAS DE PIEL
2216,MEDICAMENTOS CONTRA PROBLEMAS OCULARES
2217,MEDICAMENTOS CONTRA REUMATISMOS
2218,MEDICAMENTOS CONTRA SINUSITIS
2219,MEDICAMENTOS CONTRA TIROIDES
2220,MEDICAMENTOS CONTRA TOS
2221,MEDICAMENTOS CONTRA ULCERAS
2222,MEDICAMENTOS MACROBIOTICOS VARIOS
2223,MEDICAMENTOS NO COMUNES CONTRA PROBLEMAS CARDIACOS
2224,PRODUCTOS HOMEOPATICOS
2225,PRODUCTOS MACROBIOTICOS
2226,SUERO PARA HUMANOS
2227,VACUNAS (TODO TIPO)
2228,VITAMINAS Y MINERALES PARA HUMANOS
2229,MEDICAMENTOS CONTRA OTRAS ENFERMEDADES
2230,DESPARASITANTE PARA HUMANOS
2231,MEDICAMENTO ANTIMICOTICO
2232,MEDICAMENTO PARA EL COLON
2239,OTROS PRODUCTOS FARMACEUTICOS
2249,OTROS TRATAMIENTOS
2400,ABRELATAS Y SACACORCHOS NO ELECTRICOS
2401,AFILADOR DE CUCHILLOS
2402,ARTICULOS DECORATIVOS EN MADERA
2403,ARTICULOS USADOS COMO DECORACION
2404,AZUCARERA
2405,BALANZA DE ALIMENTOS
2406,BALDE DE PLASTICO
2407,BANDEJA
2408,BANDEJA DE HIELO
2409,BASURERO
2410,BATIDOR MANUAL
2411,BEBERITO
2413,CAFETERA NO ELECTRICA
2415,CANASTAS PARA ROPA
2419,CHORREADOR
2420,CHUPETA
2421,CHUPON
2422,COBERTOR DE DISCO DE COCINA
2423,COLADOR
2424,COLGADOR DE PAÑO
2425,COMAL
2427,COPA DE VIDRIO
2428,CORTADOR MULTIPLE
2429,"CUCHARON, CUCHARA CON RANURAS O HELADOS"
2430,CUCHARA O CUCHARITA
2431,CUCHILLO DE COCINA
2432,DISPENSADOR (TODO TIPO)
2433,EMBUDO
2434,ENSALADERA
2435,ESCURRIDOR (TODO TIPO)
2436,ESPATULA
2437,ESTERILIZADOR
2438,EXPRIMIDOR DE JUGO NO ELECTRICO
2439,EXTRACTOR DE LECHE MATERNA
2440,"FLOREROS DE BARRO, LOZA, CERAMICA O PORCELANA"
2441,FLOREROS DE VIDRIO
2442,GAVETERO ARMABLE DE PLASTICO
2444,HIELERA
2445,HISOPO DE COCINA
2446,JABONERA
2447,JARRON
2448,JUEGO DE CUBIERTOS
2449,JUEGO DE DULCERAS
2450,JUEGO DE VASOS
2451,MAJADOR DE VERDURAS O FRUTAS
2452,"MANTEQUILLERA DE LOZA, CERAMICA O PORCELANA"
2454,MAQUINA PARA HACER TORTILLAS
2456,"MOLDES PARA PAN, QUEQUES Y GALLETAS"
2457,"MOLINOS NO ELECTRICOS (PARA MAIZ, CAFE, ETC.)"
2460,OLLA DE METAL
2461,OLLA DE PRESION
2463,PALANGANA O TINA
2464,PALETA CALADA
2465,PALILLERO
2468,PAPELERA DE COCINA
2469,PASITOS O PASOS DEL NIÑO
2470,PELADOR DE PAPAS O SACABOCADOS DE VERDURAS O FRUTAS
2472,PICHEL
2473,PLATO
2474,PORTA CUBIERTOS
2476,PORTA TOALLAS
2477,POTE HERMETICO
2478,PRENSA BOLSAS
2479,PYREX
2481,RALLADOR
2484,RECIPIENTES PARA AGUA
2485,RECIPIENTES PARA ESPECIES
2486,RECIPIENTES PLASTICOS PARA ALIMENTOS O PARA MICROONDAS
2487,RODILLO
2488,ROSARIO Y OTROS ARTICULOS RELIGIOSOS
2489,SACA DIENTES
2490,SALERO
2491,SARTEN
2492,TENAZA (TODO TIPO) O SERVIDOR DE ESPAGUETTI O TALLARINES
2493,SERVILLETERO
2494,SET DE OLLAS
2495,SET DE TE O CAFE
2497,SOPERAS
2499,TABLA PARA PICAR
2500,TAZA DE MEDIR O JARRA
2501,TAZON (TODO TIPO)
2502,TENDEDERO
2503,TENEDOR
2504,TERMO
2506,TIJERA PARA CORTAR POLLO U OTROS ALIMENTOS
2507,TINA PARA BEBE
2509,VAJILLA
2510,VASO
2513,"REPARACION Y MANTENIMIENTO DE UTENSILIOS DE COCINA, VAJILLA Y ARTICULOS PARA EL HOGAR"
2516,OLLA MULTIUSO
2519,"OTROS UTENSILIOS DE COCINA, VAJILLA Y ARTICULOS PARA EL HOGAR"
2529,OTROS ACCESORIOS PEQUEÑOS PARA BEBE
2530,ABRIGO PARA BEBE
2531,BABERO PARA BEBE
2533,BATA DE BAÑO PARA BEBE
2534,BLUSA O CAMISA PARA BEBE
2537,CALZON O CALZONCILLO PARA BEBE
2539,CAMISETA PARA BEBE
2542,ESCARPINES PARA BEBE
2543,FAJERO PARA BEBE
2546,"JUEGO (PANTALON, SHORT, ENAGUA Y CAMISA, CAMISETA, BLUSA ETC.) PARA BEBE"
2547,JUEGO DE ROPA INTERIOR PARA BEBE
2549,LICRA PARA BEBE
2550,MAMELUCO PARA BEBE
2552,MANTILLAS PARA BEBE
2553,MEDIAS O CALCETAS PARA BEBE
2554,OVEROL PARA BEBE
2555,PANTALON PARA BEBE
2556,PANTALONETA DE BAÑO PARA BEBE
2557,PANTIMEDIA O LEGGING PARA BEBE
2558,PIJAMA PARA BEBE
2559,SHORT DE BEBE O PANTALONETA DE VESTIR PARA BEBE
2560,TRAJE DE BAÑO
2563,UNIFORME ESCOLAR PARA BEBE
2564,VESTIDO PARA BEBE
2579,OTRAS PRENDAS DE VESTIR PARA BEBE
2580,ABRIGO PARA NIÑA O NIÑO
2582,BATA DE BAÑO PARA NIÑA O NIÑO
2583,BUZO PARA NIÑA O NIÑO
2585,"BOXER, CALZON O CALZONCILLO PARA NIÑA O NIÑO"
2586,BLUSA O CAMISA PARA NIÑA O NIÑO
2587,CAMISETA PARA NIÑA O NIÑO
2589,ENAGUA PARA NIÑA
2590,ENTERIZO PARA NIÑA
2591,JUEGO DE ROPA INTERIOR PARA NIÑA O NIÑO
2592,GABACHA PARA NIÑA O NIÑO
2593,JACKET O CHAQUETA PARA NIÑA O NIÑO
2594,"JUEGO (PANTALON, SHORT, ENAGUA Y CAMISA, CAMISETA, BLUSA ETC.) PARA NIÑA O NIÑO"
2596,LICRA PARA NIÑA
2597,MANGANO Y PESCADOR PARA NIÑA MENOR DE 12 AÑOS
2598,MEDIAS O CALCETAS PARA NIÑA O NIÑO
2599,OVEROL PARA NIÑA O NIÑO
2600,PANTALON PARA NIÑA O NIÑO
2601,PANTALONETA DE BAÑO PARA NIÑO
2602,SHORT DE NIÑA O PANTALONETA DE VESTIR PARA NIÑO
2603,PANTIMEDIA O LEGGING PARA NIÑA
2604,PIJAMA PARA NIÑA O NIÑO
2605,TOP PARA NIÑA
2606,TRAJE DE BAÑO
2608,UNIFORME DEPORTIVO PARA NIÑA O NIÑO
2609,UNIFORME ESCOLAR PARA NIÑA O NIÑO
2610,VESTIDO PARA NIÑA
2629,OTRAS PRENDAS DE VESTIR PARA NIÑA O NIÑO
2630,ABRIGO PARA HOMBRE
2633,BERMUDA PARA HOMBRE
2634,BUZO PARA HOMBRE
2635,CALZONCILLO O BOXER PARA HOMBRE
2636,CAMISA PARA HOMBRE
2637,CAMISETA PARA HOMBRE
2638,CHALECO PARA HOMBRE
2639,GABACHA PARA HOMBRE
2640,JACKET O CHAQUETA PARA HOMBRE
2642,MEDIAS O CALCETAS PARA HOMBRE
2644,PANTALON PARA HOMBRE
2645,PANTALONETA DE BAÑO PARA HOMBRE
2646,PANTALONETA DE VESTIR PARA HOMBRE
2647,PIJAMA PARA HOMBRE
2648,SACO PARA HOMBRE
2649,TRAJE ENTERO PARA HOMBRE
2650,UNIFORME DEPORTIVO PARA HOMBRE
2651,UNIFORME ESCOLAR O COLEGIAL PARA HOMBRE
2669,OTRAS PRENDAS DE VESTIR PARA HOMBRES
2670,ABRIGO O SUETER PARA MUJER
2671,BATA PARA MUJER
2673,BLUSA PARA MUJER
2674,BOXER PARA MUJER
2675,BRASSIER PARA MUJER
2676,BUZO PARA MUJER
2677,"CALZON, TANGA, HILO PARA MUJER"
2678,CAMISETA PARA MUJER
2679,CHALECO PARA MUJER
2681,"CONJUNTO (ENAGUA Y SACO, PANTALON Y SACO, ETC.) PARA MUJER"
2682,ENAGUA O FALDA PARA MUJER
2683,ENTERIZO PARA MUJER
2684,FUSTAN (CHINGO) PARA MUJER
2685,GABACHA PARA MUJER
2686,JACKET O CHAQUETA PARA MUJER
2687,JUEGO DE ROPA INTERIOR PARA MUJER
2689,LICRA PARA MUJER
2690,LIGAS O LIGUEROS PARA MUJER
2691,MANGANO Y PESCADOR PARA MUJER
2693,MEDIAS O CALCETAS PARA MUJER
2694,OVEROL PARA MUJER
2695,PANTALON PARA MUJER
2696,PANTIMEDIA O LEGGING PARA MUJER
2697,PIJAMA PARA MUJER
2698,SACO PARA MUJER
2699,SHORT PARA MUJER
2700,TOP PARA MUJER
2701,UNIFORME DEPORTIVO PARA MUJER
2702,UNIFORME ESCOLAR Y COLEGIAL PARA MUJER
2703,UNIFORME PARA TRABAJO PARA MUJER
2704,VESTIDO DE BAÑO Y BIKINI PARA MUJER
2705,VESTIDO DE NOVIA Y VELO PARA MUJER
2706,VESTIDO PARA MUJER
2707,PANTALONETA PARA MUJER
2729,OTRAS PRENDAS DE VESTIR PARA MUJERES
2730,ALQUILER DE TRAJE ENTERO
2731,ALQUILER DE VESTIDO DE MUJER
2734,CONFECCION DE PRENDAS DE VESTIR
2735,REPARACION Y MODIFICACION DE PRENDAS DE VESTIR
2736,TELAS PARA CONFECCIONAR PRENDAS DE VESTIR
2750,BOTAS DE HULE
2751,"BOTAS, BOTINES"
2752,PANTUFLAS
2753,REPARACION DE CALZADO (MANO DE OBRA Y MATERIALES)
2754,SANDALIA DE GAMUZA
2756,SANDALIAS DE CUERO
2757,SANDALIAS DE HULE
2758,SANDALIAS DE TELA
2759,SANDALIAS DE VINIL
2760,TENIS DE CUERO
2761,TENIS DE LONA U OTROS MATERIALES SIMILARES
2762,TENIS DE VINIL
2763,ZAPATOS DE CUERINA
2764,ZAPATOS DE CUERO
2765,ZAPATOS DE GAMUZA
2766,ZAPATOS DE HULE
2768,ZAPATOS DE TELA DE LONA
2769,ZAPATOS DE VINIL
2779,OTROS TIPOS DE ZAPATOS
2780,ABANICO DE ACCESORIO O MANUAL
2781,ANTEOJOS PARA SOL
2784,BILLETERA DE CUERO
2785,BILLETERA DE TELA
2786,BOLSO DE CUERO
2788,BOLSO DE PLASTICO O VINIL
2789,BOLSO DE TELA O NYLON
2790,BOLSO TEJIDO
2791,BUFANDA
2793,CANGUROS DE TELA O NYLON
2794,CANTINFLORA O CARAMAÑOLA
2795,CAPAS PARA LA LLUVIA
2796,CARTERA DE CUERO
2797,CARTERA DE PLASTICO O VINIL
2798,CARTERA DE TELA
2800,CASCOS PROTECTORES PARA MOTOCICLISTAS (QUE UTILICEN MOTOCICLETA COMO MEDIO DE TRANSPORTE)
2802,CORBATA O CORBATIN
2803,CUCHILLAS
2804,DELANTAL
2805,ENCENDEDORES
2806,"ESTUCHE Y OTROS ACCESORIOS PARA CELULAR, CAMARAS O TABLETAS"
2808,FAJA
2809,"GORRA, GORRO, BOINA Y SIMILARES"
2810,"GUANTES (PARA VESTIR, JARDINERIA, TRABAJO Y OTROS DISTINTOS A LOS DE LATEX O LIMPIEZA)"
2812,JOYERO DE MADERA
2813,"JOYAS (CADENAS, PULSERAS, ARETES U OTROS) DE ORO PLATA O METALES SIMILARES"
2814,LLAVERO Y LLAVES
2815,LONCHERA
2816,MALETAS PARA VIAJES (VALIJA O MALETIN)
2818,MALETIN EJECUTIVO Y PARA COMPUTADORAS DE TELA O NYLON
2819,MANGAS PROTECTORAS DEL SOL
2820,MONEDERO
2821,PAÑOLETA O PASHMINA
2822,PAÑUELO DE TELA
2823,PARAGUAS
2824,"PIPAS, FILTROS, CORTAPUROS, PITILLERAS"
2825,PLANTILLAS PARA CALZADO (NO ORTOPEDICAS)
2826,"RELOJ DE ORO, PLATA O METALES SIMILARES"
2827,REPARACION DE ARTICULOS PERSONALES
2828,SALVEQUE (BULTO) DE CUERO O CUERINA
2829,SALVEQUE (BULTO) DE TELA O NYLON
2830,SALVEQUE DE PLASTICO O VINIL
2831,SOMBRERO
2832,SOMBRILLA
2834,BOLSO DE CUERINA
2839,OTROS ACCESORIOS DE VESTIR
2849,OTROS ARTICULOS PERSONALES
2850,ACCESORIOS PARA PECERAS
2851,"ANIMALES DOMESTICOS ACUATICOS Y REPTILES (PECES, TORTUGAS, RANAS, SERPIENTES, IGUANAS Y OTROS)"
2852,"ANIMALES DOMESTICOS MAMIFEROS (GATOS, PERROS, CONEJOS Y OTROS)"
2853,"ANIMALES DOMESTICOS VOLADORES (PERICO, PAJARO Y OTROS)"
2854,ANIMALES PARA ENTRETENIMIENTO (CABALLOS Y PONIS)
2855,"ANTIPULGAS, BACTERICIDAS Y OTROS INSECTICIDAS PARA ANIMALES DOMESTICOS"
2857,CASA PARA ANIMALES DOMESTICOS
2858,"CEPILLOS, PEINES Y OTROS ACCESORIOS PARA LA LIMPIEZA DE ANIMALES DOMESTICOS"
2859,CHAMPU Y JABON PARA HIGIENE DE ANIMALES DOMESTICOS
2860,COLLARES PARA ANIMALES DOMESTICOS
2861,CORREAS Y CADENAS PARA ANIMALES DOMESTICOS
2862,DESPARASITANTES PARA ANIMALES DOMESTICOS
2864,JAULAS
2865,"JUGUETES, BOLAS Y OTROS ACCESORIOS PARA ANIMALES DOMESTICOS"
2866,MONTURAS Y MANTILLONES PARA CABALLOS O PONIS
2867,PECERAS
2868,PECHERAS
2869,PLATOS Y SIMILARES PARA ALIMENTACION DE ANIMALES DOMESTICOS
2872,TALCO Y PERFUME PARA ANIMALES DOMESTICOS
2873,TOALLAS O PAÑOS PARA HIGIENE O PROTECCION DE ANIMALES DOMESTICOS
2874,VACUNAS U OTROS PRODUCTOS VETERINARIOS
2876,VITAMINAS PARA ANIMALES DOMESTICOS
2889,OTROS EQUIPOS CONEXOS DE ANIMALES PARA ENTRETENIMIENTO (CABALLOS Y PONIS)
2899,OTROS PRODUCTOS CONEXOS PARA ANIMALES DOMESTICOS
2900,PASEADORES DE PERROS O ANIMALES DOMESTICOS
2903,SERVICIOS DE CORTE DE PELO PARA ANIMALES DOMESTICOS
2906,SERVICIOS DE VETERINARIA CONTRATADOS PARA ANIMALES DOMESTICOS
2919,OTROS SERVICIOS CONTRATADOS PARA ANIMALES DOMESTICOS
2920,ABONOS PARA EL SUELO
2921,ALMACIGO
2922,ARBOL DE NAVIDAD ARTIFICIAL
2923,ARBOL DE NAVIDAD NATURAL
2924,ARBOLES DE VIVERO
2925,BULBOS
2926,CESPED PARA PATIOS
2927,FERTILIZANTES PARA EL SUELO
2928,FLORES ARTIFICIALES
2929,FLORES NATURALES (SEMBRADAS)
2930,FUNGICIDAS PARA PLANTAS
2931,GRAVILLA
2932,HERBICIDAS PARA PLANTAS
2933,INSECTICIDAS PARA PLANTAS
2934,LANA Y MUSGO
2935,MACETAS
2936,MACETERAS (PORTAMACETAS)
2937,PLANTAS ORNAMENTALES ARTIFICIALES
2938,PLANTAS ORNAMENTALES NATURALES
2940,"SEMILLAS (FLORES, FRUTOS, HORTALIZAS, ETC.)"
2941,SUSTRATOS PARA HIDROPONIA U OTROS CULTIVOS
2942,TIERRA ABONADA O EMPAQUETADA PARA JARDIN
2959,OTROS TIPOS DE PLANTAS Y FLORES NATURALES Y ARTIFICIALES
2961,CARDIOLOGO
2962,CIRUGIA AMBULATORIA
2963,CIRUJANO GENERAL
2965,DERMATOLOGO
2966,ENDOCRINOLOGO
2967,GASTROENTEROLOGO
2968,GERIATRA Y GERONTOLOGO
2969,GINECOLOGO
2971,HOMEOPATA
2974,INTERNISTA
2976,MEDICO GENERAL
2978,NEUMOLOGO
2979,NEUROLOGO
2980,ODONTOLOGO
2981,OFTALMOLOGO
2982,ONCOLOGO
2984,ORTODONCISTA
2985,OTORRINOLARINGOLOGO
2986,PATOLOGO
2987,PEDIATRA O NEONATOLOGO
2988,PSIQUIATRA
2989,REUMATOLOGO
2991,TRAUMATOLOGO U ORTOPEDISTA
2992,UROLOGO
2993,VASCULAR PERIFERICO
2994,ORTOPEDIA
2995,CIRUGIA ESTETICA SIN INTERNAMIENTO
2996,CIRUGIA MEDICA CON INTERNAMIENTO
3009,OTROS SERVICIOS MEDICOS
3010,CONSULTA CON NUTRICIONISTA
3011,CONSULTA CON PSICOLOGO
3012,DENSITOMETRIA
3013,DICTAMEN MEDICO
3014,EXAMEN DE HECES
3015,EXAMEN DE NIVEL DE AZUCAR EN LA SANGRE
3016,EXAMEN DE ORINA
3017,EXAMEN DE SANGRE
3018,EXAMEN DE VISTA
3019,SERVICIO DE ACUPUNTURISTA INDEPENDIENTE
3020,SERVICIO DE FISIOTERAPEUTA INDEPENDIENTE (MASAJES)
3022,SERVICIO DE QUIROPRACTICO
3026,TERAPIA DE GIMNASIA CORRECTIVA
3028,CONSULTA CON PSICOPEDAGOGO
3029,PAPANICOLAOU
3030,OTROS SERVICIOS PARAMEDICOS
3039,OTROS ANALISIS DE LABORATORIO
3040,COLONOSCOPIA
3043,EXAMEN DE PROSTATA
3044,GASTROSCOPIA
3045,MAMOGRAFIA O MASTOGRAFIA
3047,RADIOGRAFIAS
3048,ULTRASONIDO (A FETO EN PACIENTES EMBARAZADAS)
3049,ULTRASONIDO DE FISIOTERAPIA
3051,"ULTRASONIDO GENERAL (CORAZON, HIGADO, PANCREAS, RIÑONES, OJOS U OTROS)"
3069,OTROS ESTUDIOS RADIOLOGICOS DISTINTOS DE ULTRASONIDOS
3072,TERAPIA FISICA
3073,TERAPIA DEL LENGUAJE
3079,OTROS TRATAMIENTOS ESPECIALIZADOS
3080,ALQUILER DE APARATOS Y EQUIPOS TERAPEUTICOS
3081,ANTEOJOS GRADUADOS (INCLUYE LENTES Y ARO)
3082,AROS PARA ANTEOJOS GRADUADOS
3083,AUDIFONOS PARA PERSONAS CON PROBLEMAS DE AUDICION
3084,CAMA ORTOPEDICA
3085,CUELLO ORTOPEDICO
3088,EQUIPO PARA NEBULIZACION
3091,FERULA PARA MUÑECAS O TOBILLOS
3092,FRENILLOS
3093,GLUCOMETRO
3094,LENTES DE CONTACTO GRADUADOS
3095,LENTES GRADUADOS
3096,MEDIDORES DE PRESION ARTERIAL
3097,MULETAS
3098,PLANTILLA ORTOPEDICA
3099,"PROTESIS DENTALES (CORONAS, PUENTES, PLACAS)"
3101,RODILLERA ORTOPEDICA
3102,SILLA DE RUEDAS
3103,TIRAS REACTIVAS PARA GLUCOMETRO
3104,ZAPATOS ORTOPEDICOS
3105,BASTON
3106,TERMÓMETRO (CUALQUIER TIPO)
3107,ANDADERA ORTOPÉDICA
3109,OTROS APARATOS Y EQUIPOS TERAPEUTICOS
3300,ALFOMBRA DE BAÑO
3301,ALFOMBRAS A LA MEDIDA DE MATERIAL TEXTIL
3302,ALFOMBRAS DE CAUCHO
3303,ALFOMBRAS SUELTAS DE MATERIAL TEXTIL
3305,ALMOHADA O ALMOHADON
3307,BANDERA
3308,BOLSA PARA GUARDAR ROPA
3309,BOLSA Y FILTROS DE TELA PARA CHORREAR CAFE
3310,BOLSOS O SACOS PARA COMPRAS
3313,COBIJA
3314,COLCHA
3315,COLOCACION DE MATERIALES PARA PISOS
3316,CORTINA DE TELA
3317,CUBRECOLCHON
3318,CUBREMUEBLE
3319,EDREDON
3320,ESTERAS O PETATES
3321,FELPUDOS
3322,FRANELA O COBIJA PARA NIÑOS O PARA VIAJE
3323,FUNDAS
3324,HAMACA
3325,INSTALACION DE CORTINAS
3326,JUEGO DE BAÑO
3327,"JUEGO DE CAMA (SABANA, COBERTOR, FUNDAS)"
3330,MANTEL DE TELA
3331,PAÑO O TOALLA PARA BAÑO
3334,SABANAS
3336,TAPETE
3337,TELA PARA CORTINA
3338,TELA PARA MANTEL
3339,TELA PARA MUEBLES
3340,TELA PARA SABANAS
3341,TOLDO PARA CAMAS
3342,TOLDO PARA ESPACIOS AL AIRE LIBRE
3349,OTRAS ALFOMBRAS Y CUBIERTAS PARA PISO
3359,OTROS TEJIDOS Y ACCESORIOS PARA EL HOGAR
3360,ACCESORIOS PARA CONSOLAS
3361,ALBUMES PARA ESTAMPILLAS
3363,ARMAS DE JUGUETE
3364,"ARTICULOS PARA FIESTAS INFANTILES (ANTIFACES, PIÑATA, CONFETI, ETC.)"
3365,"AVIONES, COHETES Y HELICOPTEROS"
3366,BICICLETAS DE JUGUETE
3368,BOLA Y JUGUETES INFLABLES
3369,BOLINCHAS
3370,CABALLOS Y OTROS ANIMALES DE MADERA
3371,"CARROS, TRENES Y MOTOS DE JUGUETE"
3372,"CASA, COCHES Y SIMILARES PARA MUÑECAS"
3373,COLUMPIO PARA BEBE
3374,COMPUTADORAS DE JUGUETE
3375,CONSOLAS DE VIDEOJUEGOS
3376,DARDOS
3377,DECORACIONES PARA ARBOLES DE NAVIDAD
3379,"DISFRACES, MASCARAS Y COMPLEMENTOS"
3380,DISFRAZ Y COMPLEMENTOS
3381,DVD O CD CON VIDEOJUEGOS
3382,"ESTAMPILLAS DE COLECCIÓN, POSTALES, STICKERS"
3383,"FIGURAS (SOLDADOS, ANIMALES Y SIMILARES)"
3385,GUIRNALDAS DE DECORACION PARA NAVIDAD
3386,"JUEGO DE AJEDREZ, DAMAS, COMBATE NAVAL O TABLERO"
3387,JUEGO DE DOMINO
3389,JUEGO DE NAIPE
3390,JUEGO DEPORTIVO DE JUGUETE
3391,"JUEGOS DE COCINA, BELLEZA, DOCTOR Y SIMILARES PARA NIÑOS Y NIÑAS"
3392,JUEGOS DE MESA
3393,JUEGOS EDUCATIVOS
3394,JUEGOS ELECTRONICOS
3395,JUEGOS PARA DS Y PSP
3396,"JUGUETES MUSICALES (TAMBORES, CORNETAS, GUITARRAS, ETC.)"
3397,LEGOS
3398,LUCES PARA ARBOLES DE NAVIDAD
3399,MUEBLES DE JUGUETE
3400,MUÑECAS
3401,MUÑECOS (ROBOTS) QUE NO USEN BATERIAS
3402,MUÑECOS Y OTROS DE BATERIAS
3403,PELUCHES
3404,PISTAS PARA CARROS Y TRENES
3405,ROMPECABEZAS
3407,SONAJERO Y CHILINDRIN
3408,TRICICLO DE JUGUETE
3409,"TROMPOS, YOYOS Y SIMILARES"
3413,"ARTICULOS DECORATIVOS PARA FIESTAS PATRIAS (ESCUDOS, BANDERAS, FAROLES, GRIUNALDAS ENTRE OTROS)"
3414,JUEGOS DESCARGADOS Y ACCESORIOS (DIGITALES)
3415,DRONE
3429,"OTROS JUEGOS, JUGUETES Y AFICIONES"
3430,ANZUELOS
3433,BATE DE BEISBOL
3434,BICICLETA
3435,BICICLETA ESTACIONARIA
3436,BOLA DE BALONCESTO
3437,BOLA DE BEISBOL
3438,BOLA DE FUTBOL
3440,BOLA DE PIN PONG
3442,BOLA DE VOLEIBOL
3443,CAÑA DE PESCAR
3444,CASCOS PROTECTORES PARA ACTIVIDADES DEPORTIVAS Y RECREATIVAS
3445,COCINAS Y PARRILLAS PARA CAMPAMENTO
3446,COLCHONES DE AIRE
3447,CUERDA PARA CAÑA DE PESCAR
3449,ESPINILLERAS
3451,FLOTADORES Y CHALECOS SALVAVIDAS
3454,GUANTES PARA PORTERO
3455,INFLADORES
3456,"JUEGO DE BALONCESTO (ARO, TABLERO, BOLA)"
3457,LENTES PARA NATACION
3458,MAQUINA PARA EJERCICIOS
3459,MARCOS PARA FUTBOL
3460,MUÑEQUERAS
3463,PATINES
3464,PATINETA
3465,PESAS Y DISCOS
3467,PISCINAS INFLABLES
3468,RAQUETA PARA PING PONG
3469,RAQUETA PARA TENIS
3470,"REPARACIONES DE EQUIPO DE DEPORTES, CAMPAMENTO Y RECREACION AL AIRE LIBRE"
3471,RODILLERAS O CODERAS
3472,SACOS DE DORMIR (SLEEPING)
3473,SCOOTER
3474,SEÑUELOS O ENGAÑADORES PARA PESCA
3475,TACOS PARA FUTBOL
3476,TIENDAS DE ACAMPAR
3477,TOBILLERAS
3478,ZAPATILLAS Y ZAPATOS DE BAILE
3479,GUANTES PARA OTROS DEPORTES
3480,CALZADO PARA DEPORTE
3489,"OTROS ACCESORIOS Y EQUIPOS DE CAMPAMENTO, CAZA Y PESCA"
3499,OTROS ARTICULOS Y ACCESORIOS PARA DEPORTES
3512,EQUIPO DE BUCEO
3513,FUTBOLIN
3519,TABLA PARA BUGUI
3520,TABLAS DE SURF
3529,OTROS ARTEFACTOS DURADEROS IMPORTANTES PARA LA RECREACION EN EXTERIORES (P.E. LANCHA ENTRE OTROS)
3539,OTROS ARTEFACTOS GRANDES PARA LA RECREACION
3540,AFINAMIENTO
3541,ALINEAMIENTO DE DIRECCION
3542,BALANCEO DE LLANTAS
3543,CALIBRACION DE VALVULAS
3544,"CAMBIO DE ACEITE, FILTRO Y ENGRASE"
3546,CAMBIO DE CLUTCH
3547,"CAMBIO DE EMPAQUES, RETENEDORES"
3548,CAMBIO DE FAJA DE DISTRIBUCION (EXCEPTO SI TIENE SISTEMA DE CADENA)
3549,CAMBIO DE FIBRAS
3552,ENDEREZADO Y PINTADO DE VEHICULOS
3554,FUGAS DE AGUA EN MANGUERAS O RADIADOR
3556,INSTALACION DE PARTES Y ACCESORIOS
3558,PULIMENTO DE PINTURA A VEHICULOS
3561,REPARACION DE PROBLEMAS DE GENERACION
3562,REPARACION Y MANTENIMIENTO DE BICICLETAS
3563,REPARACION Y MANTENIMIENTO DE CAJA DE CAMBIOS
3564,REPARACION Y MANTENIMIENTO DE CARROCERIA DE VEHICULOS
3565,REPARACION Y MANTENIMIENTO DE MOTOCICLETAS
3566,REPARACION Y MANTENIMIENTO DE NEUMATICOS DE VEHICULOS
3567,REPARACION Y MANTENIMIENTO DE PROBLEMAS ELECTRONICOS (SENSORES VARIOS)
3568,REPARACION Y MANTENIMIENTO DE RADIADOR
3569,REPARACION Y MANTENIMIENTO DE SISTEMA ELECTRICO EN VEHICULOS
3570,REPARACION Y MANTENIMIENTO O REVISION DEL AIRE ACONDICIONADO PARA VEHICULO
3571,REPARACION Y MANTENIMIENTO Y AJUSTE DE FRENOS
3572,"REVISION, REPARACION Y MANTENIMIENTO DE MOTOR"
3573,SOLDADURAS
3578,TAPIZADO DE ASIENTOS
3579,TRAMADO DE VEHICULOS
3580,TUNE-UP
3599,"OTROS SERVICIOS DE REPARACION, MANTENIMIENTO Y CONSERVACION DE VEHICULOS (HONORARIOS PAGADO A UN MECANICO)"
3600,ACEITE DE TRANSMISION
3601,ACEITE PARA MEZCLA
3602,ACEITE PARA MOTOR
3603,ADITIVOS PARA COMBUSTIBLE
3604,AGUA PARA BATERIA DE CARRO
3605,ALARMA PARA AUTO
3606,ALFOMBRAS PARA AUTO
3607,ALTERNADOR
3608,AMORTIGUADORES
3610,ANTICONGELANTE
3611,"AROS PARA AUTO, BICICLETA O MOTOCICLETA"
3612,"ASIENTOS PARA AUTOS, MOTOS O BICICLETAS"
3614,BATERIA PARA AUTOS O MOTOS
3617,BOMBAS DE AGUA
3619,BOMBAS DE COMBUSTIBLE
3620,BOMBAS DE FRENOS (AUXILIAR Y PRINCIPAL)
3621,BUJIAS
3622,BUSHING
3624,"CABLE PARA FRENOS, CLUTCH Y BUJIAS"
3625,"CADENA Y PIÑON PARA BICICLETA, MOTO Y CARRO"
3626,CARBURADOR
3627,CATALIZADOR
3628,CERA Y ABRILLANTADOR PARA AUTOS
3629,CHAMPU PARA AUTOS
3630,CINTURON DE SEGURIDAD
3631,COBERTORES PARA VOLANTES Y ASIENTOS PARA VEHICULOS
3632,COMPENSADORES
3633,DISCO DE CLUTCH
3636,EJE DE TIJERETAS
3637,EMPAQUES
3638,ESCOBILLAS
3639,ESPEJOS PARA VEHICULO
3642,FIBRAS DE FRENOS
3643,FILTROS DE AIRE
3644,FILTRO DE ACEITE
3645,FILTROS PARA COMBUSTIBLE
3646,FOCOS Y HALOGENOS PARA VEHICULO
3647,GATA PARA AUTOS
3648,GRASAS
3649,INFLADOR PARA LLANTAS
3651,LIMPIADOR DE VIDRIOS PARA AUTOMOVIL
3652,LIQUIDO DE FRENOS O DE TRANSMISION
3653,LIQUIDOS REFRIGERANTES (COOLANT) Y ADITIVOS
3654,"LLANTA PARA AUTOS, BICICLETA Y MOTOCICLETA (NUEVA, USADA, REENCAUCHADA)"
3655,LLAVINES PARA VEHICULO
3656,MANILLA DE FRENOS
3657,"MANIVELA PARA AUTO, BICICLETA Y MOTO"
3658,MOTOR
3659,MUFLA
3660,"NEUMATICOS PARA AUTOS, BICICLETA Y MOTOCICLETA (NUEVOS, USADOS, RECAUCHUTADOS)"
3661,PEDALES PARA BICICLETA
3662,"PINTURA PARA AUTOS, MOTO Y BICICLETA"
3663,PITO O PITORETA
3664,PLATOS DE CLUTCH
3665,RADIADORES
3666,REFRIGERANTES
3667,RETENEDORES
3668,ROLES
3669,ROTULAS
3670,SELLADOR
3671,SOPORTES DE MOTOR
3672,SUSPENSION PARA CARROS
3673,TACOS PARA FRENOS DE BICICLETA
3675,TRIANGULO O CONOS REFLECTORES
3679,OTRAS PIEZAS DE REPUESTO Y ACCESORIOS PARA BICICLETA
3689,OTRAS PIEZAS DE REPUESTO Y ACCESORIOS PARA MOTOCICLETA
3699,OTRAS PIEZAS Y ACCESORIOS PARA AUTO
3709,OTROS COMBUSTIBLES Y LUBRICANTES PARA EQUIPO DE TRANSPORTE PERSONAL
3711,CLASES DE MANEJO
3713,INSCRIPCION DE VEHICULO
3714,LAVADO DE VEHICULOS
3715,MULTAS O PARTES
3716,RASTREO DE VEHICULO
3717,SERVICIO DE GRUAS
3718,TRASPASO DE VEHICULO
3719,LAVADO DE MOTOR Y CHASIS
3729,"OTROS GASTOS RELACIONADOS AL TRANSPORTE PERSONAL (RASTREO DE VEHICULOS, ETC.)"
3731,ALICATE
3732,AZADON
3733,BATERIA REGULADORA DE VOLTAJE U OTRO APARATO ELECTRICO DISTINTO A TELEFONO CELULAR
3734,BOMBA PARA ATOMIZAR
3735,BROCA
3736,CADENA
3737,CAJA PARA HERRAMIENTAS
3738,CANDADO
3739,CARGADOR DE APARATO ELECTRICO DISTINTO A TELEFONO CELULAR
3741,CARRETILLA
3742,CEPILLADOR
3744,CINTA METRICA
3745,CORTADORA DE CERAMICA MANUAL
3746,CUCHARA DE ALBAÑIL
3747,CUTER Y REPUESTOS PARA CUTER
3748,DESTORNILLADOR
3749,DESTORNILLADOR ELECTRICO
3750,DISCOS PARA SIERRAS
3751,ESCALERA
3752,ESCUADRA
3753,ESMERIL ELECTRICO
3754,ESPATULA DE ALBAÑILERIA
3755,FOCO O LINTERNA
3756,FORMON
3757,HACHA
3758,HOJAS DE SEGUETA
3759,JUEGO DE CUBOS
3760,JUEGO DE HERRAMIENTAS
3761,LIMA
3762,"LLAVE FRANCESA, LLAVES PARA TUBERIAS Y VALVULA REGULADORA DE CILINDRO DE GAS"
3763,LLAVES DE TUERCAS
3764,MACANA
3765,MACHETE
3766,MANGUERA
3767,MARTILLO
3768,MASCARILLA PROTECTORA
3769,MAZO
3770,MOTOGUADAÑA
3771,NIVEL
3773,PALA
3774,PICO Y ZACHO
3775,PISTOLAS PARA MANGUERA
3776,PISTOLAS PARA SILICON
3778,RASTRILLO
3779,REGADERA
3780,REPARACION Y MANTENIMIENTO DE HERRAMIENTAS MANUALES
3782,SEGUETA
3783,SERRUCHO
3785,TALADRO
3786,TENAZA
3787,TIJERA PARA JARDIN
3799,OTRAS HERRAMIENTAS
3800,ABANICO ELECTRICO
3803,BATERIA PARA CELULAR
3804,BATIDORA
3806,CARGADOR DE TELEFONO CELULAR
3808,CEPILLO PARA PEINAR ELECTRICOS
3810,COFFEE MAKER
3813,DUCHA PARA AGUA CALIENTE
3814,EXTRACTOR DE JUGO ELECTRICO
3816,LICUADORA
3821,MAQUINAS DE AFEITAR ELECTRICAS (RASURADORA)
3823,MAQUINAS O SILLAS MASAJEADORAS
3824,MAQUINAS ELECTRICAS PARA CORTAR EL CABELLO
3825,MASAJEADOR ELECTRICO
3826,MOLINOS DE CAFE U OTROS GRANOS ELECTRICOS
3827,OLLA ARROCERA ELECTRICA
3828,OLLA DE COCIMIENTO LENTO
3829,OLLA DE VAPOR
3830,OLLA FREIDORA ELECTRICA
3831,PERCOLADOR
3832,PLANCHA ELECTRICA DE ROPA
3833,PLANCHA ELECTRICA PARA COCINAR
3834,PLANCHAS PARA ALISAR EL CABELLO
3835,PROCESADOR DE ALIMENTOS
3836,REPARACION Y MANTENIMIENTO DE ARTEFACTOS ELECTRICOS PEQUEÑOS PARA EL HOGAR
3837,REPARACION Y MANTENIMIENTO DE EQUIPO TELEFONICO Y DE FACSIMIL
3838,REPARACION Y MANTENIMIENTO DE ESTOS APARATOS ELÉCTRICOS DE CUIDADO PERSONAL
3839,REPUESTOS PARA ELECTRODOMESTICOS
3840,RIZADOR DE CABELLO
3841,SANDWICHERA O WAFLERA
3842,SARTEN ELECTRICO
3843,SECADORA DE CABELLO
3844,TELEFAX
3845,TELEFONO CELULAR SIN PLAN (SOLO APARATO)
3846,TELEFONO FIJO (INALAMBRICO O NO)
3847,TOSTADOR DE PAN
3869,OTROS ARTEFACTOS ELECTRICOS PEQUEÑOS PARA EL HOGAR
3870,TELEFONO CELULAR CON PLAN
3871,TETERA ELECTRICA
3880,"ADITIVOS PARA PEGAR PISOS (BONDER, FRAGUA)"
3881,ALAMBRE
3882,ANGULAR DE ACERO O LAMINADO EN CALIENTE
3883,ARENA
3884,AZULEJO
3885,BALDOSA HORIZONTAL
3886,BARNIZ
3887,BLOCK
3888,BROCHAS
3889,CANOAS
3890,CEDAZO
3891,CEMENTO PORTLAND
3892,CEPILLO DE ACERO Y SIMILARES
3893,CERAMICA PARA PISO
3894,COLAS (PEGAMENTO) PARA EMPAPELAR
3895,DILUYENTES (AGUARRAS U OTROS)
3896,ENCHAPES O LISTELOS PARA PAREDES
3897,FREGADERO
3898,INODORO
3901,LAMINA DE GYPSUM
3904,LAMINA DE MELAMINA
3905,LAMINA DE PLYWOOD
3906,LAMINA DE ZINC
3907,LAMINA FIBROCEMENTO
3908,LAMINA TRANSPARENTE
3911,LAVATORIO
3912,LOSA Y COLUMNAS PREFABRICADAS
3913,MADERA
3914,MALLA
3915,"MASILLA, MATERIALES PARA GRIETAS Y PEGAMENTO PARA TUBOS"
3916,"MATERIALES PEQUEÑOS DE FONTANERIA (UNION, TE, CODO, TUBOS, ETC.)"
3917,MORTERO CON LATEX PARA PEGAR CERAMICA
3918,MORTERO PARA PRIMERA CAPA DE REPELLO (REPELLO GRUESO)
3919,OCRE
3920,PAPEL TAPIZ
3922,"PERLING, ANGULARES Y SIMILARES"
3923,PIEDRA QUEBRADA
3924,PILA CEMENTO
3925,PINTURA
3926,PORCELANATO
3927,PUERTA DE MADERA
3928,PUERTA DE METAL O PORTONES
3930,REVESTIMIENTO
3931,RODAPIE
3932,SELLADOR
3933,TABLA FORMALETA
3934,TABLILLA
3936,"TORNILLOS, TUERCAS Y ARANDELAS"
3937,TUBOS DE METAL
3938,VARILLA
3939,VIDRIOS Y CELOSIAS
3940,DETENEDOR DE PUERTAS
3949,OTRAS TIPOS DE LAMINAS
3950,TUBERIA DE CONCRETO
3959,"OTROS MATERIALES PARA LA REPARACION, CONSERVACION O REMODELACION DE LA VIVIENDA"
3960,ADAPTADORES PARA ENCHUFES
3961,ADOQUINES
3962,ALARMAS DE CASA
3963,BASES DE HULE
3964,BISAGRAS
3965,BRAKES DE ELECTRICIDAD
3966,CABLE DE ELECTRICIDAD
3967,CABLE DE TELEFONO
3968,CACHERA PARA LAVATORIO
3969,"CLAVOS, TACHUELAS Y GRAPAS"
3970,ENCHUFES
3971,EXTENSION ELECTRICA
3972,FUSIBLES O TAPONES DE ELECTRICIDAD
3973,INTERRUPTORES ELECTRICOS
3974,LIJA
3975,LLAVES DE BAÑO
3976,LLAVINES Y CERRADURAS
3977,MANIJAS
3978,PICAPORTES
3979,PLATONES / SOCKETS
3980,PROBADORES DE CORRIENTE
3981,REGLETA ELECTRICA
3982,"REPUESTOS PARA SERVICIO SANITARIO (BOMBA, TAPA)"
3983,RODILLO PARA PINTAR
3984,RODINES
3985,TANQUE DE AGUA
3986,TEFLON
3988,TOMACORRIENTES
3989,"TORNILLOS, TUERCAS, PERNOS, ARANDELAS, ETC."
3992,MOTOR PARA PORTON ELECTRICO
4009,OTROS ACCESORIOS PARA LA VIVIENDA
4010,LIMPIEZA O REPACACION DE TANQUES SEPTICOS
4011,MANTENIMIENTO DE PISCINA
4012,SERVICIO DE FUMIGACION Y EXTERMINACION DE PLAGAS
4014,SERVICIO DE SOLDADURA
4015,SERVICIOS DE ALBAÑILERIA
4016,SERVICIOS DE CARPINTERÍA
4017,SERVICIOS DE ELECTRICIDAD
4018,SERVICIOS DE FONTANERIA
4019,SERVICIOS DE INSTALACIÓN DE VIDRIOS
4020,SERVICIOS DE PINTURA Y EMBARNIZADO
4021,"SERVICIOS VARIOS DE MANO DE OBRA PARA RAPARACION, MANTENIMIENTO O REMODELACION"
4022,"SERVICIO DE INSTALACION DE PORTONES (INCLUYE MANO DE OBRA, REPARACION Y MANTENIMIENTO)"
4023,AMPLIACIÓN O REMODELACIÓN DE LA VIVIENDA
4039,OTROS SERVICIOS CONTRATADOS
4042,LECCIONES DE BAILE Y DANZA
4043,LECCIONES DE CANTO
4044,"LECCIONES DE DEPORTE (FUTBOL, NATACION, ETC.)"
4045,LECCIONES DE MUSICA
4046,MATRICULA Y MENSUALIDAD PARA CURSO DE COSTURA
4047,MATRICULA Y MENSUALIDAD PARA CURSOS MEDICOS
4048,MATRICULA Y MENSUALIDAD POR CURSOS DE BELLEZA
4049,MATRICULA Y MENSUALIDAD POR CURSOS DE CERAMICA
4050,MATRICULA Y MENSUALIDAD POR CURSOS DE CONTABILIDAD
4052,MATRICULA Y MENSUALIDAD POR CURSOS DE ELECTRONICA Y ELECTROMECANICA
4053,MATRICULA Y MENSUALIDAD POR CURSOS DE IDIOMAS
4054,MATRICULA Y MENSUALIDAD POR CURSOS DE INFORMATICA
4057,MATRICULA Y MENSUALIDAD POR CURSOS DE MANTENIMIENTO Y REPARACION DE EQUIPO
4058,"MATRICULA Y MENSUALIDAD POR CURSOS DE MANUALIDADES (COUNTRY, FOAM, FIELTRO, ENTRE OTROS)"
4059,MATRICULA Y MENSUALIDAD POR CURSOS DE MASAJES
4060,MATRICULA Y MENSUALIDAD POR CURSOS DE MECANICA AUTOMOTRIZ
4062,MATRICULA Y MENSUALIDAD POR CURSOS DE PINTURA O DIBUJO
4063,MATRICULA Y MENSUALIDAD POR CURSOS DE SOLDADURA
4064,MATRICULA Y MENSUALIDAD POR CURSOS DE YOGA
4065,MATRICULA Y MENSUALIDAD POR CURSOS GASTRONOMICOS
4066,MATRICULA Y MENSUALIDAD POR OTROS CURSOS
4067,"SEMINARIOS, TALLERES, CONFERENCIAS U OTRAS"
4069,OTRAS LECCIONES
4070,LIBROS DE TEXTO PARA ENSEÑANZA NO FORMAL (INCLUYE PARTITURAS)
4071,CUOTA PARA MATERIALES DE EDUCACION NO FORMAL
4079,OTROS GASTOS PARA ENSEÑANZA NO FORMAL (ACTIVIDADES)
4201,BOMBAS DE AGUA DE MOTOR
4202,COMPRA DE AIRE ACONDICIONADO
4203,COMPRA DE ASPIRADORA O SOPLADORA
4204,COMPRA DE BOMBA PARA AGUA
4205,"COMPRA DE CALENTADOR DE AGUA, ELECTRICO"
4207,COMPRA DE CEPILLO PARA PISO ELECTRICO
4208,COMPRA DE COCINA DE GAS O ELECTRICA
4209,COMPRA DE CONGELADORES
4211,COMPRA DE EXTRACTOR DE GRASA
4212,COMPRA DE FILTROS DE AGUA
4213,COMPRA DE HORNO DE MICROONDAS
4214,COMPRA DE HORNO ELECTRICO O DE GAS
4215,COMPRA DE HORNO TOSTADOR
4216,COMPRA DE HUMIDIFICADOR O DESHUMIFICADOR AMBIENTAL ELECTRICO
4217,COMPRA DE LAVADORA DE PLATOS
4218,COMPRA DE LAVADORA DE ROPA
4219,COMPRA DE MAQUINA PARA COSER
4221,COMPRA DE MATERIALES PARA REPARACIONES HECHAS POR EL PROPIO HOGAR
4224,COMPRA DE PARRILLA Y ASADOR
4225,COMPRA DE PLANTILLA DE GAS O ELECTRICA
4226,COMPRA DE REFRIGERADORA
4227,COMPRA DE SECADORA DE ROPA
4228,COMPRESOR
4229,CORTADORA DE CESPED DE MOTOR NO ELECTRICA
4230,CORTADORA DE CESPED ELECTRICOS
4232,CORTADORA ELECTRICA DE CERAMICA
4233,CORTADORA ELECTRICA DE METAL
4236,"HIDROLAVADORA (PARA LAVAR CARROS, PAREDES Y OTROS)"
4237,LIJADORAS ELECTRICAS
4238,MAQUINA SOLDADORA
4239,MOTOSIERRAS DE MOTOR
4240,PULIDORAS ELECTRICAS
4241,REPARACION Y MANTENIMIENTO DE ARTEFACTOS GRANDES PARA EL HOGAR ELECTRICOS O NO
4242,REPARACION Y MANTENIMIENTO DE ESTOS ARTICULOS
4243,SIERRA CALADORA O ROUTER
4244,SIERRAS ELECTRICAS
4245,TALADRO ELECTRICO
4259,OTRAS HERRAMIENTAS ELECTRICAS Y EQUIPOS GRANDES
4272,VENTA DE COCINA DE GAS O ELÉCTRICA
4274,VENTA DE LAVADORA DE ROPA
4277,VENTA DE REFRIGERADORA
4289,VENTA DE OTROS ARTEFACTOS PARA EL HOGAR ELÉCTRICOS O NO
4290,ACCESORIOS PARA BAÑO
4291,ALACENA
4292,ALQUILER DE MUEBLES
4293,ANDADERAS
4296,BANCO (SILLA SIN RESPALDAR)
4298,BIBLIOTECA
4300,BOTIQUIN
4301,CAMA INDIVIDUAL (CATRE)
4302,CAMA MATRIMONIAL
4303,CAMAROTE
4305,CANDELABROS
4306,CLOSET ARMABLE
4307,COCHE PARA BEBE
4308,COLCHON INDIVIDUAL
4309,COLCHON MATRIMONIAL
4310,COLCHONETA O ESPUMA
4311,COMODA
4312,CUADROS NO CONSIDERADOS OBRAS DE ARTE VALIOSAS
4313,CUNA
4314,DESAYUNADOR
4315,ENCIERRO DE BEBE
4317,ESCRITORIO
4318,ESCULTURAS NO CONSIDERADOS OBRAS DE ARTE VALIOSAS
4319,ESPEJO
4320,ESQUINERO
4321,GABINETE PARA BAÑO
4324,JUEGO DE COMEDOR
4326,JUEGO DE SALA
4328,LAMPARAS (TODO TIPO DE EQUIPO PARA ILUMINACION)
4329,MECEDORA
4330,MESA DE COMEDOR
4331,MESA DE NOCHE
4332,MESA DE SALA
4333,MOISES
4334,MUEBLE DE TV O EQUIPO DE SONIDO
4335,MUEBLE EMPOTRADO PARA APLANCHAR (APLANCHADOR)
4336,"MUEBLES DE BAMBU, CAÑA, ETC."
4337,MUEBLES DE COCINA
4338,"MUEBLES DE HIERRO (TERRAZA, ETC.)"
4340,MUEBLES PARA COMPUTADORA
4341,MUEBLES PARA JARDIN
4342,PAÑALERA
4345,PORTALIMENTOS
4346,PORTARRETRATO
4347,RELOJ DE MESA O PARED
4348,REPARACION Y MANTENIMIENTO DE ARTICULOS DE BEBE
4349,REPARACION Y MANTENIMIENTO DE OTROS MUEBLES ACCESORIOS Y MATERIALES PARA PISOS
4350,"REPARACION, MANTENIMIENTO Y RESTAURACION DE MUEBLES"
4351,REPISAS PARA EL HOGAR
4354,ROPERO (ARMARIO)
4355,SILLA
4356,SILLA PARA COMER DE BEBE
4357,SILLITAS DE NIÑO (NO PARA COMER)
4358,SILLON O SOFA
4359,SOFA CAMA
4363,TRASTERO O TRINCHANTE
4364,"VELAS, INCIENSO Y ACEITES AROMATICOS"
4365,ZAPATERA
4369,OTROS ACCESORIOS PARA EL HOGAR
4379,OTROS ARTICULOS PARA BEBES
4389,OTROS MUEBLES PARA EL HOGAR
4390,"COMPRA DE ACCESORIOS Y REPUESTOS (RADIO, TV, ETC.)"
4391,COMPRA DE AMPLIFICADORES DE SONIDO
4394,COMPRA DE CONTROL REMOTO
4397,COMPRA DE EQUIPO DE SONIDO
4399,COMPRA DE MICROFONO
4401,COMPRA DE PARLANTES DE EQUIPOS AUDIOVISUALES (EQUIPO DE SONIDO)
4402,COMPRA DE RADIO AM/FM
4403,LECCIONES DE CANTO
4404,COMPRA DE RADIO PARA AUTOMOVIL
4406,"COMPRA DE REPRODUCTOR DE DVD, MP3 O BLU RAY"
4407,"COMPRA DE TELEVISOR, LCD, PLASMA, LED"
4408,COMPRA DE TEATRO CASERO (HOME THEATHER)
4409,COMPRA DE WALKIE TALKIE
4411,AUDIFONO O AURICULARES
4429,"COMPRA DE OTROS EQUIPOS PARA LA RECEPCION, GRABACION Y REPRODUCCION DE SONIDOS E IMAGENES"
4432,COMPRA DE CALCULADORA CIENTIFICA
4433,COMPRA DE CALCULADORA DE BOLSILLO
4434,"COMPRA DE COMPUTADORAS PORTATILES (LAPTOP, NOTEBOOK)"
4436,COMPRA DE DISCO DURO DE COMPUTADORA (INTERNO Y EXTERNO)
4437,"COMPRA DE COMPUTADORA DE ESCRITORIO (INCLUYE: CPU, TECLADO, MOUSE, MONITOR, IMPRESORA)"
4439,COMPRA DE IMPRESORAS
4444,COMPRA DE PARLANTES DE EQUIPO DE PROCESAMIENTO DE INFORMACION (COMPUTADORA)
4446,COMPRA DE MOUSE
4448,COMPRA DE SOFTWARE
4449,COMPRA DE TABLETA
4452,COMPRA DE TECLADO PARA COMPUTADORA
4456,REPARACION Y MANTENIMIENTO DE TELEVISOR
4457,"REPARACION Y MANTENIMIENTO DE COMPUTADORAS DE ESCRITORIO O PORTATIL (CPU, MONITOR, TECLADO, IMPRESORA)"
4459,REPARACION Y MANTENIMIENTO DE RADIO - GRABADORA
4460,"APLICACIONES (JUEGOS, FOTOGRAFIA, COMPLEMENTOS)"
4471,ROUTER O ENRUTADOR
4479,COMPRA DE OTROS ACCESORIOS PARA COMPUTADORA
4482,COMPRA DE CAMARA DE VIDEO
4483,COMPRA DE CAMARA FOTOGRAFICA
4484,COMPRA DE LENTES PARA CAMARAS
4486,COMPRA DE TELESCOPIO
4487,COMPRA DE FLASH PARA CAMARA
4488,REPARACIÓN Y MANTENIMIENTO DE CÁMARAS DE VIDEO
4509,COMPRA DE OTROS EQUIPOS FOTOGRAFICOS Y CINEMATOGRAFICOS
4510,"COMPRA DE ACCESORIOS PARA INSTRUMENTOS MUSICALES (BOLILLOS, FAJA DE TAMBOR, LENGÜETA, ETC.)"
4511,COMPRA DE ARMONICAS
4512,COMPRA DE BATERIAS
4513,COMPRA DE FLAUTA DULCE
4515,COMPRA DE GUITARRA ACUSTICA
4516,COMPRA DE GUITARRA ELECTRICA
4517,COMPRA DE LIRA
4518,COMPRA DE ORGANETA
4520,COMPRA DE PIANO
4521,COMPRA DE TAMBORES Y TIMBALES
4522,COMPRA DE TROMPETA
4523,COMPRA DE SAXOFON
4524,COMPRA DE VIOLINES Y VIOLONCHELOS
4525,"REPARACION, MANTENIMIENTOY AFINACION DE INSTRUMENTOS MUSICALES"
4526,COMPRA DE BAJO
4527,DASH CAM
4539,COMPRA DE OTROS INSTRUMENTOS MUSICALES
4540,COMPRA DE AUTOMOVIL
4542,COMPRA DE BUSETA
4543,COMPRA DE CAMION
4544,COMPRA DE CUADRACICLOS
4545,COMPRA DE MOTOCICLETAS
4559,COMPRA DE OTRO TIPO DE VEHICULOS
4560,VENTA DE AUTOMÓVIL
4562,VENTA DE BUSETA
4563,VENTA DE CAMIÓN
4564,VENTA DE CUADRACICLOS
4565,VENTA DE MOTOCICLETAS
4569,VENTA DE OTRO TIPO DE VEHÍCULOS
4573,FILOLOGO
4574,HONORARIOS PAGADOS A ABOGADOS
4575,HONORARIOS PAGADOS A ARQUITECTOS
4576,HONORARIOS PAGADOS A CONTADORES
4578,HONORARIOS PAGADOS A INGENIEROS
4579,HONORARIOS PAGADOS A TOPOGRAFOS
4583,SERVICIO DE FOTOGRAFO
4584,"SERVICIO DE REVELADO DE PELICULAS, AMPLIACION Y RESTAURACION DE FOTOGRAFIAS U OTROS SIMILARES"
4585,SERVICIOS DE MUSICOS O DISCOMOVIL O SONIDO
4586,SERVICIOS DE PAYASO Y ACTORES PARA LA DIVERSION
4587,"CATERING, SOLO ALIMENT. P. EVENTOS (BAUTIZO, CUMPLEAÑOS, FUNERAL, MATRIMONIO, TE CANASTILLA, PRIMERA COMUNION, OTROS)"
4599,OTROS HONORARIOS PAGADOS
4609,"OTROS SERVICIOS PROFESIONALES, TECNICOS, CULTURALES"
4612,PAQUETE PARA CUMPLEAÑOS
4613,PAQUETE PARA FUNERAL Y ENTIERRO
4614,PAQUETE PARA MATRIMONIO
4615,PAQUETE PARA PRIMERA COMUNION
4617,PAQUETE PARA TE DE CANASTILLA
4629,OTROS GASTOS POR PAQUETES
4630,CLUBES DE VIAJE
4631,PAQUETES TURISTICOS PARA EL EXTERIOR DEL PAIS
4632,PAQUETES TURISTICOS PARA EL INTERIOR DEL PAIS
4633,SERVICIO DE ALOJAMIENTO EN CABINAS Y CABAÑAS
4634,SERVICIO DE ALOJAMIENTO EN HOTELES
4636,SERVICIO DE ALOJAMIENTO EN MOTELES
4638,SERVICIO DE ALOJAMIENTO PARA ACAMPAR
4649,SERVICIO DE ALOJAMIENTO EN OTROS SITIOS
4650,EXCURSIONES DENTRO DEL PAIS (NO INCLUYE HOSPEDAJE NI ALIMENTACION)
4651,EXCURSIONES FUERA DEL PAIS (NO INCLUYE HOSPEDAJE NI ALIMENTACION)
4652,TRANSPORTE AL EXTERIOR DEL PAIS POR VIA MARITIMA
4653,TRANSPORTE AL INTERIOR DEL PAIS POR VIA MARITIMA
4654,TRANSPORTE INTERNACIONAL EN AVION O AVIONETA
4655,TRANSPORTE INTERURBANO EN BUS O MICROBUS (DENTRO DEL PAIS)
4656,TRANSPORTE NACIONAL EN AVION O AVIONETA
4657,TRANSPORTE TERRESTRE EN BUS FUERA DEL PAIS
4658,TRANSPORTE TERRESTRE EN TAXI DENTRO DEL PAIS
4659,TRANSPORTE TERRESTRE EN TAXI FUERA DEL PAIS
4679,OTROS SERVICIOS DE TRANSPORTE DE PASAJEROS POR CARRETERA
4689,OTROS SERVICIOS DE TRANSPORTE DE PASAJEROS POR MAR O CURSOS INTERNOS
4690,ALQUILER DE AUTO
4692,"ALQUILER DE OTROS VEHICULOS (CUADRACICLOS, MOTOCICLETAS, BICICLETAS, ETC.)"
4693,FLETES
4694,SERVICIOS DE MUDANZAS TERRESTRE
4709,OTROS SERVICIOS DE TRANSPORTE
4710,DEDUCIBLE POR SEGUROS DE SALUD
4711,DEDUCIBLE POR SEGURO OBLIGATORIO DE VEHICULOS
4712,DEDUCIBLE POR SEGUROS DE VEHICULOS CONTRA ROBO O DAÑOS A TERCEROS
4713,DEDUCIBLE POR SEGUROS CONTRA ROBO O INCENDIO DE VIVIENDAS
4761,PAGO POR CERTIFICACIONES Y CONSTANCIAS
4762,PAGO POR EMISION O RENOVACION DE PASAPORTE
4763,PAGO POR EMISION O RENOVACION DE VISA
4765,PERMISO DE CONSTRUCCIÓN
4766,PERMISO PARA PESCA
4768,PAGO POR EMISION Y RENOVACION DE LICENCIA PARA CONDUCIR
4770,PAGO POR EMISION Y RENOVACION DE LICENCIA PARA PORTAR ARMAS
4771,PAGO POR EXAMEN TEORICO O PRACTICO DE MANEJO
4772,PAGO POR TIMBRES DE COLEGIOS PROFESIONALES
4773,REVISION TECNICA DE VEHICULOS (INCLUYE REINSPECCION)
4775,TIMBRES PARA TRAMITES LEGALES
4776,CANON (DERECHO DE VIVIR EN ZONA MARITIMA)
4779,OTROS PAGOS O TASAS CUYO PAGO ES PROPORCIONAL AL SERVICIO RECIBIDO
4780,IMPUESTO POR ENTRADA DE BIENES DEL EXTRANJERO
4781,IMPUESTO POR SALIDA DE BIENES AL EXTRANJERO
4783,IMPUESTO SOBRE LA PROPIEDAD DE AERONAVES
4784,IMPUESTO SOBRE LA POSESIÓN DE EMBARCACIONES
4785,IMPUESTO DE SALIDA DEL PAÍS
4787,IMPUESTO A VIVIENDA DE LUJO
4788,PAGO O RENOVACION DE CEDULA DE RESIDENCIA
4799,OTROS IMPUESTOS O TASAS CUYO PAGO NO ES PROPORCIONAL AL SERVICIO RECIBIDO
4800,COMPRA DE ACCIONES
4803,PARTICIÓN EN FONDOS DE INVERSIÓN
4805,"DEPÓSITOS A PLAZO, CUENTA CORRIENTE O DE AHORROS"
4806,DEPÓSITOS EN GARANTÍA
4807,OTROS AHORROS O DEPÓSITOS
4809,COMPRA DE PATENTES Y LICENCIAS QUE SE PUEDEN VENDER A UN TERCERO
4810,PAGOS POR DAÑOS OCASIONADOS A TERCEROS
4811,PRÉSTAMOS A PERSONAS NO MIEMBROS DEL HOGAR
4819,OTROS GASTOS DE CAPITAL FINANCIERO
4820,"AMPLIACIÓN O CONSTRUCCIÓN DE VIVIENDA DE SEGUNDA RESIDENCIA (NO LA PRINCIPAL, NI LAS DE ALQUILER)"
4822,COMPRA DE ANIMALES DOMÉSTICOS PARA AUTOCONSUMO
4823,"COMPRA DE EQUIPO, MAQUINARIA Y ANIMALES NO DESTINADOS A LA ACTIVIDAD PRODUCTIVA DEL HOGAR"
4824,"COMPRA DE JOYAS VALIOSOS, PIEDRAS PRECIOSAS Y RELOJES, ADQUIRIDOS COMO OBJETO DE VALOR"
4825,COMPRA DE LOTES O TERRENOS
4826,COMPRA DE NICHO (CEMENTERIOS)
4827,COMPRA Y CONSTRUCCIÓN DE VIVIENDA
4828,"COMPRA DE OBRAS DE ARTE (PINTURAS, ESCULTURAS Y OTRAS DE VALOR RECONOCIDO)"
4831,MEJORAS DE LOS ACTIVOS FIJOS EXISTENTES (QUE AUMENTEN PRODUCTIVIDAD O VIDA ÚTIL)
4849,"OTROS OBJETOS VALIOSOS NO CLASIFICADOS PREVIAMENTE (COLEC. ESTAMPILLAS, MONEDAS, PORCELANA CHINA, LIBROS, OTROS)"
4850,PÉRDIDA DE ACTIVOS POR DESASTRE NATURAL
4851,PÉRDIDA DE ACTIVOS POR EXTRAVÍO
4853,PÉRDIDA DE ACTIVOS POR ROBO
4859,PÉRDIDA DE ACTIVOS POR OTROS MOTIVOS
5001,APUESTA (PROPORCION CONSUMO)
5002,APUESTA (PROPORCIÓN DE NO CONSUMO)
5003,BINGO (PROPORCION CONSUMO)
5004,BINGO (PROPORCIÓN DE NO CONSUMO)
5005,CHANCES (PROPORCION CONSUMO)
5006,CHANCES (PROPORCIÓN DE NO CONSUMO)
5007,LOTERIA (PROPORCION CONSUMO)
5008,LOTERÍA (PROPORCIÓN DE NO CONSUMO)
5009,RASPA (PROPORCION CONSUMO)
5010,RASPA (PROPORCIÓN DE NO CONSUMO)
5011,RIFA (PROPORCION CONSUMO)
5012,RIFA (PROPORCIÓN DE NO CONSUMO)
5013,TIEMPOS (PROPORCION CONSUMO)
5014,TIEMPOS (PROPORCIÓN DE NO CONSUMO)
5021,SEGURO CONTRA ROBO E INCENDIO EN VIVIENDA (PROPORCION CONSUMO)
5022,SEGURO CONTRA ROBO O INCENDIO EN LA VIVIENDA (PROPORCIÓN DE NO CONSUMO)
5023,SEGURO CONTRA ROBO O DAÑOS A TERCEROS DE VEHICULO (PROPORCION CONSUMO)
5024,SEGURO CONTRA ROBO O DAÑOS A TERCEROS DE VEHÍCULOS (PROPORCIÓN DE NO CONSUMO)
5025,SEGURO DE EMERGENCIAS MEDICAS (PROPORCION CONSUMO)
5026,SEGURO DE EMERGENCIAS MÉDICAS (PROPORCIÓN DE NO CONSUMO)
5027,SEGURO DE ESTUDIANTE (PROPORCION CONSUMO)
5028,SEGURO DE ESTUDIANTES (PROPORCIÓN DE NO CONSUMO)
5029,SEGURO DE TARJETA DEBITO O CREDITO (PROPORCION CONSUMO)
5030,SEGURO DE TARJETA DE DÉBITO O CRÉDITO (PROPORCIÓN DE NO CONSUMO)
5031,SEGURO DE VIAJERO (PROPORCION CONSUMO)
5032,SEGURO DE VIAJERO (PROPORCIÓN DE NO CONSUMO)
5033,SEGURO OBLIGATORIO DEL VEHICULO (PROPORCION CONSUMO)
5034,SEGURO OBLIGATORIO DEL VEHÍCULO (PROPORCIÓN DE NO CONSUMO)
5035,SEGURO POR ACCIDENTES (PROPORCION CONSUMO)
5036,SEGURO POR ACCIDENTES (PROPORCIÓN DE NO CONSUMO)
5037,SEGURO POR GASTOS MEDICOS (PROPORCION CONSUMO)
5038,SEGURO POR GASTOS MÉDICOS (PROPORCIÓN DE NO CONSUMO)
5039,SEGURO POR RIESGOS DEL TRABAJO (PROPORCION CONSUMO)
5040,SEGURO POR RIESGOS DEL TRABAJO (PROPORCIÓN DE NO CONSUMO)
5041,OTROS SEGUROS NO RELACIONADOS CON SALUD (PROPORCION CONSUMO)
5042,OTROS SEGUROS NO RELACIONADOS CON LA SALUD (PROPORCIÓN DE NO CONSUMO)
5043,OTROS SEGUROS RELACIONADOS CON LA SALUD (PROPORCION CONSUMO)
5044,OTROS SEGUROS RELACIONADOS CON LA SALUD (PROPORCIÓN DE NO CONSUMO)
5045,OTROS SEGUROS RELACIONADOS CON LA VIVIENDA (PROPORCION CONSUMO)
5046,OTROS SEGUROS RELACIONADOS CON LA VIVIENDA (PROPORCIÓN DE NO CONSUMO)
5047,LOTTO (PROPORCION CONSUMO)
5048,LOTTO (PROPORCION NO CONSUMO)
5050,MARCHAMO (PROPORCIÓN DE IMPUESTOS)
5051,POLIZA DE VIDA (PROPORCION CONSUMO)
5052,PÓLIZA DE VIDA (PROPORCIÓN DE NO CONSUMO)
5060,SERVICIO FINANCIEROS
5061,IMPUESTO DE RENTA
5062,CONTRIBUCIONES SOCIALES OBLIGATORIAS
5063,CONTRIBUCIONES SOCIALES VOLUNTARIAS
5064,TRANSFERENCIAS PAGADAS EN DINERO
5065,CONSUMO INTERMEDIO
5066,TRANSACCIONES FINANCIERAS
5067,BONO DE LA VIVIENDA
5068,COMPRA DE HERRAMIENTAS CONSIDERADAS COMO GASTO DE CAPITAL
