village,DES_BARRIO_PARAJE
1010101001,Los Peralejos
1010101002,Palma Real
1010101004,Altos de Arroyo Hondo
1010101005,Los Ríos
1010101007,Honduras del Oeste
1010101008,Honduras del Norte
1010101011,Renacimiento
1010101012,Los Restauradores
1010101013,San Jerónimo
1010101014,Los Jardines
1010101016,Nuevo Arroyo Hondo
1010101018,Viejo Arroyo Hondo
1010101019,Paraíso
1010101020,Julieta Morales
1010101021,Los Prados
1010101023,Mirador Norte
1010101025,Buenos Aires  Mirador
1010101030,Bella Vista
1010101031,Quisqueya
1010101032,Piantini
1010101033,La Julia
1010101036,30 de Mayo
1010101037,Cacique
1010101040,Ciudad Universitaria
1010101042,Ensanche Naco
1010101044,La Fe
1010101045,La Agustina
1010101046,Cristo Rey
1010101048,La Zurza
1010101049,Villas Agrícolas
1010101050,Villa Juana
1010101052,San Juan Bosco
1010101053,Gascue
1010101055,San Carlos
1010101056,Villa Consuelo
1010101057,Ensanche Luperón
1010101058,Ensanche Capotillo
1010101059,Simón Bolivar
1010101060,24 de Abril
1010101061,Ensanche Espaillat
1010101062,María Auxiliadora
1010101063,Mejoramiento Social
1010101064,Villa Francisca
1010101065,Ciudad Colonial
1010101066,Domingo Savio
1010101067,Gualey
1010101068,La Isabela
2010101001,Los Cartones
2010101002,Simón Striddels
2010101003,La Bombita
2010101005,Centro de La Ciudad
2010101010,La Colonia Española
2010101013,La Nevera
2010201002,La Golondrina
2010203001,Aguaelico
2010401002,6to  
2010601001,Barreras
2020101001,Las Charcas
2020102001,Hatillo
2030101006,San Joaquín
2030201001,Villarpando
2030203001,Bastidas
2040101001,Buena Vista
2040403007,Villa Ocoa
2050101004,Higüero
2060101001,Sabana Yegua o Pintao
2060101004,Ojo de Agua
2060401001,Proyecto 2-C
2070103001,Guayacanal
2080101001,Quisqueya
2080401001,Los Toros
2080403001,Sajanoa
2100101003,Placer Bonito
2401070404,Sabana del Rey
3010101005,Santa Cruz
3010101007,Cerro Al Medio
3010101008,Coronel Francisco Alberto Caamaño
3010104001,Los Guineos
3020101005,Los Hierros
3020102010,Las Sábilas
3030101005,Centro del Pueblo
3030302003,Los Conuquitos
3030401001,Montserrat
3030701001,Los Blocks
3040101004,Palenque
3050201001,Las Clavellinas
4010101001,Enriquillo
4010101004,Pueblo Nuevo
4010101006,Palmarito
4010101007,Savica
4010101010,La Playa
4010101015,El Cacique o Canta La Rana
4010101022,Centro de La Ciudad
4010401007,Los Blocks
4010401012,Jarro Sucio
4020101007,La Peñuela
4020101008,El Guayuyo
4020102002,La Lista
4030101007,Mercedes Alta
4040101002,Centro del Pueblo
4040105002,Café Las Mujeres
4050101005,La Cuarenta
4050101008,Batey Paja
4050401002,Cenceres
4070101005,Fudeco
4070102003,La Lajita
4080201002,Pueblo Nuevo
4100104005,La Muda
4110101001,Jaquimeyes
5010101001,Benito Monción
5010101012,La Esperanza
5020202001,Hipólito Billini
5030101001,Partido o Centro del Pueblo
5050103005,La Mata de Limón
6010101001,Vista del Valle
6010101003,Ribera del Jaya
6010101004,Los Jardines
6010101016,Ensanche San Martín de Porres
6010101017,27 de Febrero
6010101020,San Pedro
6010101037,Santa Lucía
6010101039,Ensanche Madrigal
6010101048,Urbanización La Caperuza
6010101052,Urbanización Almánzar
6010101079,Urbanización Carmen Añil Bonó
6010105023,Los Algodones
6010208014,Herrera de Cuaba
6010306007,Mal Nombre
6010501001,Proyecto Don Antonio Guzmán Fernández-Los Aguayos
6020202004,Los Cacaos
6030101001,Centro delo Pueblo
6030105005,La Ceibita
6040101001,La Jabilla
6050102005,Los Naranjos
6050201001,La Reforma
6050402006,El Abanico de Catamey
6060101003,El Vaticano
7010101002,Aduana
7010101006,Galindo
7010109004,El Hueso
7030101001,El Llano
7030102008,Palma Cana
7040203001,La Sahonada
7050101002,Azul
8010101001,El Rincón
8010101002,Los Cajuiles
8010101008,Ginandiana
8010101010,Villa Guerrero
8010101011,Loma de Los Chivos
8010103033,Batey El 30
8010104004,Reparadero
8010106008,Los Rodríguez
8010109004,Las Palmillas
8010303003,Rancho 2
8010401002,Buenos Aires
8010404014,Batey 107
8020101003,Pueblo Abajo
8020201004,Rabo de Chivo
8020203003,Río Arriba
8020302001,La Culebra
9010101008,Centro de La Ciudad
9010101015,Villa  Elsa
9010101027,Juan de Dios
9010101037,Urbanización Yenny María II
9010101052,El Bolsillo
9010101057,El Cementerio
9010102005,Cacique Soledad
9010105003,La Ermita
9010202002,Los Guayuyos
9010305001,La Ceiba de Madera
9010401001,Centro del Pueblo o El Mamey
9010405003,Pozo de La Palma
9010503002,Cacique Arriba
9010702001,Tierra Dura
9020101005,Los Rojas
9020102006,Calle del Río
9030301001,Veragua
9030302002,Las Marías
9040103001,Los Brazos
10010101001,Cuarenta
10010201001,El  Limón
10020101002,Placer Bonito
10020102001,Puerto Escondido
10030101001,Centro del Pueblo
10050101001,Centro del Pueblo
10060102004,Charco Largo
11010101001,San Martín de Porres
11010101003,Mamá Tingó
11010101008,San José
11010101009,Pueblo Nuevo
11010101011,Los Platanitos
11010101013,Brisas del Llano
11010101014,Savica
11010101017,Las Caobas
11010101020,21 de Enero
11010101022,San Pedro
11010101025,Los Soto
11010101027,Pepe Rosario
11010101028,Villa Cerro
11010101029,Sanjoul
11010101032,La Malena
11010101033,Juan Pablo Duarte o Nuevo
11010101034,La Cabrera
11010101035,Cambelén
11010101037,San Francisco
11010101040,Villa Cristal
11010103013,Santana
11010103036,Hato de Maná
11010106013,Batey Pestaña
11010201006,Buenos Aires
11010202001,Cañada Honda
11010301005,Los Castillo
11010301009,Centro del Pueblo
11010304017,El Cinco
11010304025, Verón
11010304026,Los Manantiales
11010401003,La Jarda de Hoyo Claro
11010401005,Bávaro
11010401006,Bello Amanecer
11010401007,El Samaritano
11010403008,La Ceiba
11010403027,Bavaro
11020101001,Lavador
11020101002,Alma Rosa o El Bronx
11020103019,Benerito
11020104010,Batey Los Higos
12010101001,Ensanche Quisqueya
12010101005,Villa Verde
12010101010,Ensanche Pereira
12010101011,Orquídea Primera Etapa
12010101012,La Aviación
12010101013,San Carlos
12010101017,Centro de La Ciudad
12010101022,Papagayo
12010101024,Alto de Río Dulce
12010101025,Savica
12010101033,Villa Nazareth
12010101040,Villa España
12010101041,Mina Central Romana
12010201003,Residencial Vista Catalina
12020101001,Centro del Pueblo
12020102006,Batey Renguelito
12020103016,Batey Como Quiera
12030101002,El Picapiedra
12030101003,Cumajón
12030101004,Piedra Linda
12030101006,La Sabanita
12030101007,Villa Progreso
12030101008,La Lechosa
12030101010,Villa Caoba (Los Mulos)
12030101017,El Jobo o Villa Paraíso
12030101018,Villa Hermosa
12030201002,Villa Real
12030201003,Cucama
13010101001,San Martín Il
13010101007,San Martín I
13010101011,Las Carmelitas
13010101012,Nibaje
13010101015,La Primavera
13010101018,Villa Francisca
13010101023,Ciudad Universitaria
13010101030,Juan Pablo Duarte
13010101046,Palmarito
13010103002,Barranca
13010105009,Río Seco
13010105019,Los Valerio
13010110001,Los Rieles
13010111006,El Caimito Adentro
13010114004,Las Totumas o Los Tocones
13010116006,Maguey
13010201001,Cutupú
13010204005,Jababa
13010302007,Los Ranchos
13010405002,El Mamey
13020101009,Los Pinos
13020101012,El Cercado
13020103005,Colonia Kennedy
13020201002,Tireo Al Medio o La Secadora
13020302002,El Tapión
13030101023,Rosa Mística
13030101034,Medina
13030104006,Los Pomos
13030204007,La Guama Arriba
13040101001,Centro del Pueblo
13040103002,Jima Arriba
14010101006,San José de Villa (Cumajón)
14010101010,Centro del Pueblo
14010101021,Los Maestros
14010101039,Las Quinientas
14010202002,El Aguacate de Vietnam
14010305001,Mata Bonita
14010401002,Samaná o Samaná Tres Cuerdas
14020102005,Abreu
14020204005,Puerto Rico A Pie
14030101007,El Play o San José
14030202001,El Alto (Villa Flores)
14040101003,Nueva York Chiquito
15010101010,San Pedro
15010101012,Guatapanal
15010103013,La Cruz de Palo Verde
15020103001,Loma de Castañuelas
15030101007,Venecia
15030103015,La Antona
15030401002,Cana Al Medio
15030403003,Cerro Gordo Arriba
15050101001,Pepillo Salcedo
15060101006,La Gallera
15060103002,Buen Hombre
16010101004,Verde
16010101014,Los Coquitos
16020101007,Las Palmas
16020202001,Colonia Villa Esperanza
17010101001,Centro del Pueblo
17010101002,30 de Mayo
17010101005,El Fundo
17010101006,Pueblo Nuevo
17010101009,Villa Majeca
17010101012,Santa Rosa
17010101013,Los Barrancones
17010106002,Peravia
17010110005,La Montería
17010201001,Matanzas Arriba
17010206003,Hato Fino
17010301002,El Millón
17010302003,Las Carreras
17010501003,Paya Abajo
17010503001,Mata Gorda
17010601015,Mamá Gina
17010701001,Carretón
17011002009,Los Sitios de Juan Decena
17020101002,Centro del Pueblo
17020201002,Brisas del Canal
17020202001,Gualey
17020301006,Lucas Díaz
18010101001,Los Domínguez
18010101005,Playa Oeste
18010101008,La Viara
18010101010,Centro Histórico de Puerto Plata
18010101012,La Regola o Ensanche Eduardo Brito
18010101015,Colinas del Sur (El Avispero)
18010101020,Ensanche Luperón
18010101029,Padre Granero
18010101030,Urbanización Torre Alta
18010105009,Tubagua
18010301002,Don Gregorio
18010302003,Cafemba
18020204001,Los Chijos
18040101004,Pangola
18040105004,Los Trejos
18050101001,El Mamey
18050104005,La Boca de Unijica
18060302003,El Higo Claro
18070101001,Los Charamicos
18070103013,Loma Bajita
18070201001,Cabarete
18070202001,Los Cacaos
18080102002,Guaconejal
18080301003,Paso Seco
18090101003,El Mango
18090104001,Cangrejo
19010101004,Vietnam
19010102012,Jayabo Afuera
19010202030,Los Guayuyos
19020101017,Los Cáceres
19020105002,Los Pomos
19030102001,Las Aromas
19030105009,El Tablón ADentro
20010101001,Willmore
20010103008,El Francés
20010201002,Arroyo Sabana
20010302001,La Pascuala
20010404003,Loma Atravesada
20020101005,Pueblo Abajo
20020106005,Catey Abajo
20030101002,La Playa
21010101001,Lavapié
21010101002,Pueblo Nuevo
21010101003,San Isidro
21010101006,Jeringa
21010101007,Las Flores
21010101008,Madre Vieja del Norte
21010101009,Madre Vieja del Sur
21010101011,Los Nova
21010101014,Canastica o Paraíso
21010101017,Moscú
21010101020,Los Molina
21010101024,La Guandulera
21010102005,Naranjo Dulce
21010103002,El Zumbón
21010103005,Los Cantines o Los Algarrobos
21010104013,Ingenio Nuevo
21010105009,Najayo
21010106006,Montaño
21010107005,Mata Naranjo
21010107014,La Cruz de Santiago
21010108008,El Cinco
21010204005,Boruga
21020101003,La Curva
21020102001,Juan Barón
21020103003,Sabana Palito
21030101002,Piedra Blanca
21030101004,Bella Vista
21030101006,Los Gringos
21030101008,Barcequillo
21030101009,San Antonio
21030101011,El Distrito
21030101012,Invicea
21030102002,Cabón
21030102005,Piedra Blanca Sur
21030203001,Villa María
21030203005,Quita Sueño Norte
21030204003,Monte Largo
21030204006,Teresandón
21040101002,Centro del Pueblo
21040101010,La Escuela
21040102003,La Toma Arriba
21040203004,Pueblo Nuevo
21050101004,Catarey
21050101006,Pueblo Nuevo
21050101007,Centro del Pueblo
21050101011,San Francisco (Entrada)
21050101012,Los Solares
21050102009,El Rodeo
21050103013,Batey 43
21050204001,La Cumbre
21050304003,Vietnam
21050401001,La Cuchilla
21050404008,Los Conucos
21060102003,Las Gallardas (Los Brujanes)
21060103002,Doña Ana
21060103009,Los Sánchez
21060103012,La Jagua
21070101002,Puerta Blanca
21070101006,Nigua Sur II
21070102006,Cambelén
21070103002,Najayo Abajo o Cruce de Najayo
22010101001,Quijá Quieta
22010101005,Manoguayabo
22010101007,Villa Flores
22010101008,Circunvalación
22010101010,Córbano Sur
22010101011,Villa Liberación o Campo de Aviación
22010101015,Centro del Pueblo
22010104004,Sajoncito
22010104012,Montes del Estado
22010301001,Sabaneta o Centro del Pueblo
22010304008,Guardarraya
22010602009,El Córbano
22010701001,Guanito o Centro del Pueblo
22010803009,Los Gajos Largos
22011102001,El Cacheo
22020101002,Centro del Pueblo o El Medio
22020303004,Yaque (Loma del Yaque)
22030101002,Centro del Pueblo
22030103003,Agua Fresca
22040101003,Los Billeteros
22040102001,Los Balleteros
22050101005,Pueblo Nuevo
22050101006,Villa Esperanza o Villa Fátima
22050101009,Villa Carmen o La Gallera
22050102008,La Estancia
22050104019,Los Peñascos
22050301001,Carrera de Yeguas
22050305003,Los Guayuyos
23010101002,Blanco
23010101003,Placer Bonito
23010101004,México
23010101005,Las Piedras
23010101006,Pedro Justo Carrión
23010101010,Juan Pablo Duarte
23010101012,Toconal
23010101014,Los Guandules
23010101016,Las Flores
23010101019,John F. Kennedy
23010101020,Villa Progreso
23010101023,Restauración
23010101025,Villa Providencia
23010101028,Lindo
23010101029,Pueblo Nuevo o La Arena
23010101030,Villa Magdalena
23010101031,Invi - Cea
23010101032,Villa Olímpica
23010101035,Loma de Cochero
23010101039,Miramar
23010101043,Punta Garza
23010101045,Hato de San Pedro
23010101049,Villa Faro
23010101052,24 de Abril
23010101054,Puerta de Santa Fe
23010101059,Urbanización Oriental
23010101061,Colina I
23010101062,Colina II
23010101064,Villa Centro
23010101075,El Brisal
23010102004,El Peñón
23010102023,Ingenio Angelina
23020101008,Rumbamba
23020103012,El Jengibre
23020104018,Batey Canutillo
23020201001,El Puerto
23030101003,Nuevo
23030102003,Mahoma
23040101007,La Guamita
23040101008,La Habana
23040101009,Hato Mayor
23040101019,Puerto Príncipe
23040103008,Batey Don Juan
23050101002,Invi II
23050101011,Villa Bargabina o El Tanque
23050101015,Villa Verde I
23060101001,Guayacanes
23060102004,Villa del Mar
23060102008,Cruce de Cayacoa
24010101004,La Gallera
24010101024,Los Multi
24010101030,La Altagracia Al Norte
24010101037,La Colonia o Lindo
24010102003,Los Pomos y el Naranjo
24010501002,Guardarraya
24020103005,Sabana del Mariscao
24030101004,Capotillo
24030103008,Piña Al Medio
24040101005,Paz y Amor
24040303001,Pacho Pegao
24040401001,El Caserío o Hernando Alonzo
25010101001,Cienfuegos
25010101002,Monte Rico
25010101003,Los Salados
25010101004,Ensanche Libertad
25010101006,Espaillat
25010101007,Ensanche Bermúdez
25010101008,La Otra Banda
25010101010,La Joya
25010101011,Bella  Vista
25010101013,La Yagüita de Pastor
25010101014,Los Jazmines
25010101015,Nibaje
25010101017,Pueblo Nuevo
25010101018,Ensanche Bolivar
25010101019,Los Ciruelitos
25010101021,Urbanización  Los Reyes
25010101022,Buenos Aires
25010101024,Mejoramiento Social
25010101026,La Trinitaria
25010101028,El  Ensueño
25010101029,Pekín
25010101031,Villa Olga
25010101033,Los Cerros de Gurabo
25010101034,Reparto Consuelo
25010101035,Gurabo
25010101036,Hoya del Caimito
25010101038,Los Álamos
25010101039,Arroyo Hondo Arriba
25010101040,Hato Mayor
25010101041,Jardines del Este
25010101043,El Dorado
25010101044,Los Rieles
25010101045,La Herradura
25010101046,La Barranquita
25010101048,Buena Vista
25010101051,Altos de Rafey
25010101054,Urbanización Henríquez
25010101057,Villa Olímpica
25010102006,Callejón de Los Sánchez
25010106001,La Cruz
25010107007,Los Cirises
25010202007,Cayas Quemadas
25010501003,Canela Arriba o Centro del Pueblo
25010502001,Hatillo San Lorenzo
25010603002,Jacagua Al Medio
25010605006,Cuesta de Quinigua
25010701002,El Tamarindo
25010701008,Monseñor Eliseo Pérez
25020101003,Los Candelones
25020101011,27 de Febrero
25020101014,"Duarte ""A"""
25020102002,El Catey
25030104006,Dicayagua Abajo
25030301004,Los Caballos
25040102001,La Cruz de María Francisca
25040201001,Las Palomas o Centro del Pueblo
25050101002,Centro del Pueblo
25050105024,Don Juan
25050305001,Las Auyamas
25060101011,Carlos Díaz
25060101013,Los Polanco
25060106004,Pontezuela Arriba
25060201002,La Piedra
25070101007,Vidal Guillén
25070102002,Palmarejo
25070201001,Palmar Arriba
25070202005,El Pozo
25080105004,Alto de Matanzas
25080203001,Palo Amarillo
25080301001,Canabacoa Abajo
25090103004,La Joya (Rincón)
26010101015,Mejoramiento Social (Bameso)
26010101016,Tomines Arriba
26010110027,Los Pravieles
26020105014,La Cidra
26030101007,El Centro
27010101009,La Guardia o Carlos Daniel
27010101019,María Auxiliadora
27010101032,Tierra Seca
27010101036,Don Bosco
27010202002,Laguneta
27010301001,Pueblo Nuevo
27020101001,Sur
27020101007,Nuevo
27020101012,Tito Cabrera
27020101014,Buenos Aires
27020103004,Villa Henequén (Pontón)
27030101009,El Yaque
27030201001,Jaibón
27030303003,La Caya
28010101005,Simón Bolivar
28010101013,Centro del Pueblo
28010101017,San José
28010101019,La Salvia
28010101026,Villa Liberación
28010101031,El Ocho
28010202010,La Cotorra
28010301001,Juma Adentro
28010303007,Palmarito
28010502005,Jayaco Arriba
28020101001,Puerto Rico
28020101005,Buenos Aires
28030201002,Sector B
28030203003,Las Jardetas
29010101001,Vietnam
29010101003,La Gallera o Entre Reyes
29010101005,Centro del Pueblo
29010102007,El Proyecto o Hato Arriba
29010104010,La Luisa Blanca
29010205001,Batey La Jagua
29010301003,Las Flores
29010304001,Sabana de Yabacao (Pueblo Nuevo)
29020101001,El Hospital
29020101003,Centro del Pueblo
29020101009,Algarrobo
29020101013,Las Flores
29020102006,Los Anones (Las Cruces)
29020105005,Sabana de Los Javier
29030101007,El Quilombo
29030101009,El 15
29030101018,Los Guandules
29030102010,La Nuez
29030104009,Rincón Claro
29030301001,Centro del Pueblo
29040101005,El Mulo
29040101014,Cercadillo
29040102005,La Cuchilla
29040102019,Cansa Mancebo
29040105001,Dajao
29040201002,La Jabilla
29040206005,El 35
29040303009,El Naranjo
29050101003,Dionicio
29050102002,Mateo Pico
29050103010,La Cuaba Arriba
30010101001,Centro del Pueblo
30010101003,Punta Garza
30010101005,Gualey
30010101012,La China o Villa Navarro
30010101013,Las Malvinas
30010101014,La Franja
30010101016,El Rondón
30010102018,Las Pajas
30010202005,Las Claras
30010303017,Caimoní
30010401001,Los Hatillos
30020101001,El Liceo
30020101003,El Hospital
30020101005,Pueblo Abajo
30020102001,La Ceja
30030101003,El Sano
31010101001,Las Flores
31010101004,Centro del Pueblo
31010101009,San Luis
31010101014,Juan Pablo Duarte
31010102005,Méndez
31010403004,Los Tramojos
31020101002,Centro del Pueblo
31030101001,Rancho Arriba
31030102002,Arroyo Caña
32010101001,Villa Duarte
32010101002,Ensanche Ozama
32010101003,Los Mina Norte
32010101004,Los Mina Sur
32010101005,Alma Rosa
32010101008,Los Tres Brazos-Jardines del Ozama
32010101009,Faro A Colón
32010101010,Los Mameyes
32010101011,Isabelita
32010101012,Los Tres Ojos
32010101013,Villa Faro
32010101014,Mendoza
32010101015,Cancino
32010101016,Los Trinitarios
32010101019,Cancino Adentro
32010101020,El Tamarindo
32010101021,San José de Mendoza
32010101024,Juan López
32010101025,Hainamosa
32010101026,El Almirante
32010101027,Los Frailes
32010101028,Las Canas
32010103001,Los Paredones
32010103003,La Grúa
32010103005,La Ureña
32010201001,San Luis
32010202001,El Bonito
32010202003,San Isidro Afuera
32020101001,Santo Domingo Country Club
32020101002,La Altagracia
32020101003,Engombe
32020101004,La Rosa
32020101005,Las Caobas
32020101006,Alameda
32020101007,Enriquillo
32020101008,Buenos Aires de Herrera
32020101009,Herrera
32020101010,Zona Industrial Herrera
32020101011,Juan Pablo Duarte
32020101013,San Miguel
32020101014,Bayona
32020101015,Manoguayabo
32020102002,Caballona
32020102005,Hato Nuevo
32020102006,Bienvenido
32030101001,Villa Mella
32030101002,Santa Cruz
32030101003,Sabana Perdida
32030101004,El Edén
32030101005,Guaricano
32030101006,San Felipe
32030102007,Cercadillo
32030104003,Los Cazabes
32030201001,La Victoria
32030202001,Mal Nombre
32030203001,La Virgen
32030207005,La Campaña
32030208001,La Ceiba
32040101001,Boca Chica
32040101002,Andrés
32040201001,La Caleta
32040202001,El Valiente
32040203002,La Cien Mil-La Piedra
32050101001,Guerra Centro
32050102001,El Toro
32050105015,Capacito
32060101001,Savica
32060101002,Canta La Rana o Barriolandia
32060101003,Pueblo Nuevo
32060101004,Las Mercedes
32060101006,Altos de Chavón
32060101007,Los Americanos (Los Ángeles)
32060101009,Nazareno o Manzanero
32060101011,La Unión
32060101013,La Piña
32060101017,Residencial Los Hidalgos
32060102001,Santa Rosa
32060204002,Cerinca
32060301005,Villa Morada
32060301007,La Redención
32060301008,Las Colinas o Los Cocos
32060301009,Pantoja I
32070101001,Pedro Brand
32070201001,La Guáyiga
32070204002,Proyecto Los Guardias
